prioritaet,inhaltstyp,titel,url,quelle,veroeffentlicht,geaendert,hauptnavigation,entscheidung,ziel,verantwortlich,benoetigte_freigabe,offener_punkt,faellig
1,Angebot/Gruppe,Café Dreimaster,https://akg-kiel.de/angebote-und-gruppen/cafe-dreimaster,WordPress REST + Sitemap,2019-11-14,2020-01-17,nein,extern verlinken,https://cafe-dreimaster.de/,noah.zepner@akg-kiel.de (Projektleitung/Koordination),Website Dreimaster + AKG-69,"Externes Ziel, Bezeichnung und Rückweg vor Launch bestätigen",2027-02-19
1,Navigationseintrag,Predigten,http://2019.akg-kiel.de/aktuelles#Predigten,Hauptnavigation,,,ja,entfallen lassen,Kein Nachfolger; 410/404 statt inhaltlich falschem Redirect,noah.zepner@akg-kiel.de (Projektleitung/Koordination),AKG-53: redaktionelle Sammelentscheidung,Begründete Predigt-Ausnahmen bis Frist melden; sonst Navigationseintrag entfernen,2026-10-02
1,Navigationseintrag,Intern,https://akg-kiel.church.tools/?q=login#,Hauptnavigation,,,ja,extern verlinken,https://akg-kiel.church.tools/?q=login#/,noah.zepner@akg-kiel.de (Projektleitung/Koordination),AKG-69/72: Linkziel und Bezeichnung,Externes Ziel vor Launch prüfen,2027-02-19
1,Navigationseintrag,Gemeindeleben,https://akg-kiel.de/aktuelles#Gemeindeleben,Hauptnavigation,,,ja,überarbeiten,/aktuelles,noah.zepner@akg-kiel.de (Projektleitung/Koordination),AKG-55/65/72: öffentliche ChurchTools-Felder und Redaktion,"ChurchTools-Datensatz, öffentliche Felder und Ziel festlegen; keine parallele Repository-Pflege",2026-10-02
1,Navigationseintrag,Kalender,https://akg-kiel.de/aktuelles#Kalender,Hauptnavigation,,,ja,überarbeiten,/aktuelles,noah.zepner@akg-kiel.de (Projektleitung/Koordination),AKG-55/65/72: öffentliche ChurchTools-Felder und Redaktion,"ChurchTools-Datensatz, öffentliche Felder und Ziel festlegen; keine parallele Repository-Pflege",2026-10-02
1,Navigationseintrag,Geschichte,https://akg-kiel.de/gemeinde#geschichte,Hauptnavigation,,,ja,überarbeiten,/gemeinde,noah.zepner@akg-kiel.de (Projektleitung/Koordination),AKG-64/72: redaktionell,Umfang und Ankerziel in AKG-58 festlegen,2026-10-02
1,Navigationseintrag,Leitbild,https://akg-kiel.de/gemeinde#LEITBILD,Hauptnavigation,,,ja,überarbeiten,/gemeinde,noah.zepner@akg-kiel.de (Projektleitung/Koordination),AKG-64/72: redaktionell und fachlich,Abschnitt und Ankerziel in AKG-58 festlegen,2026-10-02
1,Navigationseintrag,Orte,https://akg-kiel.de/gemeinde#orte,Hauptnavigation,,,ja,überarbeiten,/gemeinde,noah.zepner@akg-kiel.de (Projektleitung/Koordination),AKG-64/72: Ortsangaben,Darstellung und Ankerziel in AKG-58 festlegen,2026-10-02
1,Navigationseintrag,Pastoren,https://akg-kiel.de/gemeinde#pastoren,Hauptnavigation,,,ja,überarbeiten,/gemeinde,noah.zepner@akg-kiel.de (Projektleitung/Koordination),"AKG-55/64/72: öffentliche ChurchTools-Rollen, Personenfelder und Einwilligungen","ChurchTools-Person-Rollen-Zuordnungen, öffentliche Felder und Ankerziel festlegen; keine parallele Repository-Pflege",2026-10-02
1,Navigationseintrag,Dreiklang,https://akg-kiel.de/gottesdienste#Dreiklang,Hauptnavigation,,,ja,überarbeiten,/gottesdienste,noah.zepner@akg-kiel.de (Projektleitung/Koordination),AKG-55/60/72: Formatangaben,Format und Ankerziel bestätigen,2026-10-02
1,Navigationseintrag,Häufige Fragen,https://akg-kiel.de/kontakt#faqs,Hauptnavigation,,,ja,überarbeiten,/kontakt,noah.zepner@akg-kiel.de (Projektleitung/Koordination),AKG-61/72: fachlich und redaktionell,FAQ-Auswahl und Ankerziel festlegen,2026-10-02
1,Navigationseintrag,Büro,https://akg-kiel.de/kontakt#gemeindebuero,Hauptnavigation,,,ja,überarbeiten,/kontakt,noah.zepner@akg-kiel.de (Projektleitung/Koordination),AKG-61/72: Kontaktdaten,Kontaktdaten und Ankerziel bestätigen,2027-03-12
1,Navigationseintrag,Vergangene Konzerte,https://akg-kiel.de/konzerte#archiv,Hauptnavigation,,,ja,extern verlinken,https://konzerte-petruskirche.de/programm/archiv,noah.zepner@akg-kiel.de (Projektleitung/Koordination),Website Konzerte + AKG-69,Externes Archivziel und Erreichbarkeit bestätigen,2027-02-19
1,Navigationseintrag,Konzerte – Ansprechpartner,https://akg-kiel.de/konzerte#ihr_ansprechpartner,Hauptnavigation,,,ja,extern verlinken,https://konzerte-petruskirche.de/programm,noah.zepner@akg-kiel.de (Projektleitung/Koordination),Website Konzerte + AKG-69,Passendes Kontaktziel auf Website Konzerte bestätigen,2027-02-19
1,Navigationseintrag,Ansprechpersonen,https://akg-kiel.de/mitarbeiter#ansprechpartner,Hauptnavigation,,,ja,überarbeiten,/gemeinde,noah.zepner@akg-kiel.de (Projektleitung/Koordination),"AKG-55/64/72: öffentliche ChurchTools-Rollen, Personenfelder und Einwilligungen","ChurchTools-Person-Rollen-Zuordnungen, öffentliche Felder und Ankerziel festlegen; keine parallele Repository-Pflege",2026-10-02
1,Navigationseintrag,Kirchengemeinderat,https://akg-kiel.de/mitarbeiter#KGR,Hauptnavigation,,,ja,überarbeiten,/gemeinde,noah.zepner@akg-kiel.de (Projektleitung/Koordination),"AKG-55/64/72: öffentliche ChurchTools-Rollen, Personenfelder und Einwilligungen","ChurchTools-Person-Rollen-Zuordnungen, öffentliche Felder und Ankerziel festlegen; keine parallele Repository-Pflege",2026-10-02
1,Navigationseintrag,SHMF,https://akg-kiel.de/shmf#shmf,Hauptnavigation,,,ja,extern verlinken,https://konzerte-petruskirche.de/programm,noah.zepner@akg-kiel.de (Projektleitung/Koordination),Website Konzerte + AKG-69,Passendes Programm-/Filterziel bestätigen,2027-02-19
1,Seite,Home,https://akg-kiel.de/,WordPress REST + Sitemap,2015-06-01,2026-08-25,ja,überarbeiten,/,noah.zepner@akg-kiel.de (Projektleitung/Koordination),AKG-62/72: redaktionell und fachlich,"Texte, Bilder und aktuelle Einstiege gegen freigegebene Quellen prüfen",2027-03-12
1,Seite,Aktuelles,https://akg-kiel.de/aktuelles,WordPress REST + Sitemap,2019-07-11,2026-02-15,ja,überarbeiten,/aktuelles,noah.zepner@akg-kiel.de (Projektleitung/Koordination),"AKG-55/65/72: ChurchTools-Modell, Redaktion und Fachverantwortung",ChurchTools-Datensätze und öffentliche Felder für News/Kalender sowie Pflegeweg festlegen; kein Repository-Fallback,2026-10-02
1,Seite,Angebote & Gruppen,https://akg-kiel.de/angebote-gruppen-seite,WordPress REST + Sitemap,2019-07-02,2020-01-22,ja,überarbeiten,/angebote (vorläufig; AKG-58),noah.zepner@akg-kiel.de (Projektleitung/Koordination),"AKG-55/63/72: ChurchTools-Modell, Redaktion und Fachverantwortung","ChurchTools als einzige Quelle konkretisieren; öffentliche Felder, endgültige Zielroute und aktive Angebote festlegen",2026-10-02
1,Seite,Datenschutzerklärung,https://akg-kiel.de/datenschutzerklaerung,WordPress REST + Sitemap,2020-01-23,2025-03-24,nein,überarbeiten,/datenschutz (vorläufig; AKG-58),noah.zepner@akg-kiel.de (Projektleitung/Koordination),AKG-61/72: substanzielle rechtliche/fachliche Freigabe,Zielroute und Text passend zur finalen Datenverarbeitung freigeben,2027-03-12
1,Seite,Gemeinde,https://akg-kiel.de/gemeinde,WordPress REST + Sitemap,2019-08-29,2026-06-05,ja,überarbeiten,/gemeinde,noah.zepner@akg-kiel.de (Projektleitung/Koordination),AKG-55/64/72: Redaktion sowie öffentliche ChurchTools-Rollen und Personenfelder,Statische Gemeindeinhalte bestätigen; Personen und Zuständigkeiten ausschließlich aus freigegebenen ChurchTools-Feldern beziehen,2027-03-12
1,Seite,gottesdienste,https://akg-kiel.de/gottesdienste,WordPress REST + Sitemap,2024-04-03,2026-06-05,ja,überarbeiten,/gottesdienste,noah.zepner@akg-kiel.de (Projektleitung/Koordination),"AKG-55/60/72: Termine, Formate, Orte und praktische Angaben",Quelle und Pflegeweg festlegen; Formate fachlich bestätigen,2026-10-02
1,Seite,Impressum,https://akg-kiel.de/impressum,WordPress REST + Sitemap,2019-10-09,2026-08-25,nein,überarbeiten,/impressum,noah.zepner@akg-kiel.de (Projektleitung/Koordination),AKG-61/72: substanzielle rechtliche/fachliche Freigabe,Text passend zur finalen Organisation und Technik freigeben,2027-03-12
1,Seite,intern2020,https://akg-kiel.de/intern2020,WordPress REST + Sitemap,2020-03-13,2020-03-22,nein,extern verlinken,https://akg-kiel.church.tools/?q=login#/,noah.zepner@akg-kiel.de (Projektleitung/Koordination),AKG-69/72: externes Ziel und Linkbezeichnung,Historische Zwischenseite entfernen; externes Ziel vor Launch prüfen,2027-02-19
1,Seite,Kontakt,https://akg-kiel.de/kontakt,WordPress REST + Sitemap,2019-11-13,2026-08-31,ja,überarbeiten,/kontakt,noah.zepner@akg-kiel.de (Projektleitung/Koordination),AKG-61/72: Kontakt- und Adressdaten,"Büro-, Telefon-, E-Mail- und Adressdaten bestätigen",2027-03-12
1,Seite,Konzerte,https://akg-kiel.de/konzerte,WordPress REST + Sitemap,2020-09-29,2026-01-24,ja,extern verlinken,https://konzerte-petruskirche.de/programm,noah.zepner@akg-kiel.de (Projektleitung/Koordination),Website Konzerte + AKG-69,Externes Ziel und Erreichbarkeit vor Verknüpfung bestätigen,2027-02-19
1,Seite,live Stream,https://akg-kiel.de/live-stream,WordPress REST + Sitemap,2020-03-19,2024-04-24,nein,extern verlinken,https://www.youtube.com/channel/UCXlzBLKlUkgAXdd-gPjKZRw,noah.zepner@akg-kiel.de (Projektleitung/Koordination),AKG-58/69/72: Datenschutz und Linkziel,"Entscheiden, ob nur verlinkt oder eine freigegebene interne Hinweisseite benötigt wird",2026-10-02
1,Seite,Mitarbeiter,https://akg-kiel.de/mitarbeiter,WordPress REST + Sitemap,2019-11-14,2026-08-31,nein,überarbeiten,/gemeinde#mitarbeitende (vorläufig; AKG-58),noah.zepner@akg-kiel.de (Projektleitung/Koordination),"AKG-55/64/72: öffentliche ChurchTools-Rollen, Personenfelder und Einwilligungen","ChurchTools-Person-Rollen-Zuordnungen, öffentliche Felder und Zielroute festlegen; keine parallele Repository-Pflege",2026-10-02
1,Seite,Petruskirche,https://akg-kiel.de/petruskirche,WordPress REST + Sitemap,2019-07-29,2026-09-02,nein,überarbeiten,/petruskirche,noah.zepner@akg-kiel.de (Projektleitung/Koordination),"AKG-64/72: Orts-, Kontakt- und Barrierefreiheitsangaben",Alle praktischen Angaben und Medienrechte bestätigen,2027-03-12
1,Seite,SHMF,https://akg-kiel.de/shmf,WordPress REST + Sitemap,2022-03-05,2024-11-29,nein,extern verlinken,https://konzerte-petruskirche.de/programm,noah.zepner@akg-kiel.de (Projektleitung/Koordination),Website Konzerte + AKG-69,Passendes Programm-/Filterziel und Erreichbarkeit bestätigen,2027-02-19
1,Seite,Spenden,https://akg-kiel.de/spenden,WordPress REST + Sitemap,2019-09-13,2026-01-21,ja,überarbeiten,/spenden,noah.zepner@akg-kiel.de (Projektleitung/Koordination),AKG-61/72: Zahlungsdaten und fachliche Freigabe,Zahlungsdaten und Spendenzwecke autoritativ bestätigen,2027-03-12
2,Angebot/Gruppe,Männermontag,https://akg-kiel.de/angebote-und-gruppen/29316,WordPress REST + Sitemap,2024-12-16,2025-04-22,nein,überarbeiten,/angebote (Männermontag; Detailziel in AKG-58),noah.zepner@akg-kiel.de (Projektleitung/Koordination),"AKG-55/63/72: öffentliche ChurchTools-Felder, jeweilige Angebotsleitung und Redaktion","ChurchTools-Gruppendatensatz, öffentliche Felder, Aktivität, Zielgruppe, Rhythmus, Ort und Kontakt bestätigen; kein Repository-Fallback; inaktive Angebote entfallen",2026-10-02
2,Angebot/Gruppe,Aposteltreff,https://akg-kiel.de/angebote-und-gruppen/aposteltreff,WordPress REST + Sitemap,2025-10-11,2026-07-29,nein,überarbeiten,/angebote (Aposteltreff; Detailziel in AKG-58),noah.zepner@akg-kiel.de (Projektleitung/Koordination),"AKG-55/63/72: öffentliche ChurchTools-Felder, jeweilige Angebotsleitung und Redaktion","ChurchTools-Gruppendatensatz, öffentliche Felder, Aktivität, Zielgruppe, Rhythmus, Ort und Kontakt bestätigen; kein Repository-Fallback; inaktive Angebote entfallen",2026-10-02
2,Angebot/Gruppe,Begrüßungsteam,https://akg-kiel.de/angebote-und-gruppen/begruessungsteam,WordPress REST + Sitemap,2019-07-14,2020-01-20,nein,überarbeiten,/angebote (Begrüßungsteam; Detailziel in AKG-58),noah.zepner@akg-kiel.de (Projektleitung/Koordination),"AKG-55/63/72: öffentliche ChurchTools-Felder, jeweilige Angebotsleitung und Redaktion","ChurchTools-Gruppendatensatz, öffentliche Felder, Aktivität, Zielgruppe, Rhythmus, Ort und Kontakt bestätigen; kein Repository-Fallback; inaktive Angebote entfallen",2026-10-02
2,Angebot/Gruppe,Bibelkreis am Dienstag,https://akg-kiel.de/angebote-und-gruppen/bibelkreis-am-dienstag,WordPress REST + Sitemap,2019-08-09,2022-11-14,nein,überarbeiten,/angebote (Bibelkreis am Dienstag; Detailziel in AKG-58),noah.zepner@akg-kiel.de (Projektleitung/Koordination),"AKG-55/63/72: öffentliche ChurchTools-Felder, jeweilige Angebotsleitung und Redaktion","ChurchTools-Gruppendatensatz, öffentliche Felder, Aktivität, Zielgruppe, Rhythmus, Ort und Kontakt bestätigen; kein Repository-Fallback; inaktive Angebote entfallen",2026-10-02
2,Angebot/Gruppe,Bücherstube Leuchtturm,https://akg-kiel.de/angebote-und-gruppen/buecherstube-leuchtturm,WordPress REST + Sitemap,2019-07-30,2024-07-29,nein,überarbeiten,/angebote (Bücherstube Leuchtturm; Detailziel in AKG-58),noah.zepner@akg-kiel.de (Projektleitung/Koordination),"AKG-55/63/72: öffentliche ChurchTools-Felder, jeweilige Angebotsleitung und Redaktion","ChurchTools-Gruppendatensatz, öffentliche Felder, Aktivität, Zielgruppe, Rhythmus, Ort und Kontakt bestätigen; kein Repository-Fallback; inaktive Angebote entfallen",2026-10-02
2,Angebot/Gruppe,Verein für Kinder- und Jugendarbeit,https://akg-kiel.de/angebote-und-gruppen/der-verein,WordPress REST + Sitemap,2022-02-06,2024-01-21,nein,überarbeiten,/angebote (Verein für Kinder- und Jugendarbeit; Detailziel in AKG-58),noah.zepner@akg-kiel.de (Projektleitung/Koordination),"AKG-55/63/72: öffentliche ChurchTools-Felder, jeweilige Angebotsleitung und Redaktion","ChurchTools-Gruppendatensatz, öffentliche Felder, Aktivität, Zielgruppe, Rhythmus, Ort und Kontakt bestätigen; kein Repository-Fallback; inaktive Angebote entfallen",2026-10-02
2,Angebot/Gruppe,Dreiklang,https://akg-kiel.de/angebote-und-gruppen/dreiklang,WordPress REST + Sitemap,2022-09-28,2026-07-29,nein,überarbeiten,/angebote (Dreiklang; Detailziel in AKG-58),noah.zepner@akg-kiel.de (Projektleitung/Koordination),"AKG-55/63/72: öffentliche ChurchTools-Felder, jeweilige Angebotsleitung und Redaktion","ChurchTools-Gruppendatensatz, öffentliche Felder, Aktivität, Zielgruppe, Rhythmus, Ort und Kontakt bestätigen; kein Repository-Fallback; inaktive Angebote entfallen",2026-10-02
2,Angebot/Gruppe,Frauentreff,https://akg-kiel.de/angebote-und-gruppen/frauenkreis,WordPress REST + Sitemap,2019-11-09,2025-03-15,nein,überarbeiten,/angebote (Frauentreff; Detailziel in AKG-58),noah.zepner@akg-kiel.de (Projektleitung/Koordination),"AKG-55/63/72: öffentliche ChurchTools-Felder, jeweilige Angebotsleitung und Redaktion","ChurchTools-Gruppendatensatz, öffentliche Felder, Aktivität, Zielgruppe, Rhythmus, Ort und Kontakt bestätigen; kein Repository-Fallback; inaktive Angebote entfallen",2026-10-02
2,Angebot/Gruppe,Freizeitgruppen,https://akg-kiel.de/angebote-und-gruppen/freizeitgruppen,WordPress REST + Sitemap,2015-09-19,2024-08-14,nein,überarbeiten,/angebote (Freizeitgruppen; Detailziel in AKG-58),noah.zepner@akg-kiel.de (Projektleitung/Koordination),"AKG-55/63/72: öffentliche ChurchTools-Felder, jeweilige Angebotsleitung und Redaktion","ChurchTools-Gruppendatensatz, öffentliche Felder, Aktivität, Zielgruppe, Rhythmus, Ort und Kontakt bestätigen; kein Repository-Fallback; inaktive Angebote entfallen",2026-10-02
2,Angebot/Gruppe,Gastfreundschaftsteam,https://akg-kiel.de/angebote-und-gruppen/gastfreundschaftsteam,WordPress REST + Sitemap,2019-07-15,2025-11-14,nein,überarbeiten,/angebote (Gastfreundschaftsteam; Detailziel in AKG-58),noah.zepner@akg-kiel.de (Projektleitung/Koordination),"AKG-55/63/72: öffentliche ChurchTools-Felder, jeweilige Angebotsleitung und Redaktion","ChurchTools-Gruppendatensatz, öffentliche Felder, Aktivität, Zielgruppe, Rhythmus, Ort und Kontakt bestätigen; kein Repository-Fallback; inaktive Angebote entfallen",2026-10-02
2,Angebot/Gruppe,Gebet für Gottes Volk,https://akg-kiel.de/angebote-und-gruppen/gebet-fuer-gottes-volk,WordPress REST + Sitemap,2024-01-29,2025-04-27,nein,überarbeiten,/angebote (Gebet für Gottes Volk; Detailziel in AKG-58),noah.zepner@akg-kiel.de (Projektleitung/Koordination),"AKG-55/63/72: öffentliche ChurchTools-Felder, jeweilige Angebotsleitung und Redaktion","ChurchTools-Gruppendatensatz, öffentliche Felder, Aktivität, Zielgruppe, Rhythmus, Ort und Kontakt bestätigen; kein Repository-Fallback; inaktive Angebote entfallen",2026-10-02
2,Angebot/Gruppe,Gemeindegebet,https://akg-kiel.de/angebote-und-gruppen/gemeindegebet,WordPress REST + Sitemap,2020-02-10,2023-10-03,nein,überarbeiten,/angebote (Gemeindegebet; Detailziel in AKG-58),noah.zepner@akg-kiel.de (Projektleitung/Koordination),"AKG-55/63/72: öffentliche ChurchTools-Felder, jeweilige Angebotsleitung und Redaktion","ChurchTools-Gruppendatensatz, öffentliche Felder, Aktivität, Zielgruppe, Rhythmus, Ort und Kontakt bestätigen; kein Repository-Fallback; inaktive Angebote entfallen",2026-10-02
2,Angebot/Gruppe,Partnerschaft mit Kimosonu,https://akg-kiel.de/angebote-und-gruppen/gemeindepartnerschaft,WordPress REST + Sitemap,2019-07-15,2026-06-15,nein,überarbeiten,/angebote (Partnerschaft mit Kimosonu; Detailziel in AKG-58),noah.zepner@akg-kiel.de (Projektleitung/Koordination),"AKG-55/63/72: öffentliche ChurchTools-Felder, jeweilige Angebotsleitung und Redaktion","ChurchTools-Gruppendatensatz, öffentliche Felder, Aktivität, Zielgruppe, Rhythmus, Ort und Kontakt bestätigen; kein Repository-Fallback; inaktive Angebote entfallen",2026-10-02
2,Angebot/Gruppe,Gottesdienst Begleitungsteam,https://akg-kiel.de/angebote-und-gruppen/gottesdienstbegleitteam,WordPress REST + Sitemap,2021-02-07,2022-09-24,nein,überarbeiten,/angebote (Gottesdienst Begleitungsteam; Detailziel in AKG-58),noah.zepner@akg-kiel.de (Projektleitung/Koordination),"AKG-55/63/72: öffentliche ChurchTools-Felder, jeweilige Angebotsleitung und Redaktion","ChurchTools-Gruppendatensatz, öffentliche Felder, Aktivität, Zielgruppe, Rhythmus, Ort und Kontakt bestätigen; kein Repository-Fallback; inaktive Angebote entfallen",2026-10-02
2,Angebot/Gruppe,Hauskreise,https://akg-kiel.de/angebote-und-gruppen/hauskreise,WordPress REST + Sitemap,2023-11-18,2024-05-01,nein,überarbeiten,/angebote (Hauskreise; Detailziel in AKG-58),noah.zepner@akg-kiel.de (Projektleitung/Koordination),"AKG-55/63/72: öffentliche ChurchTools-Felder, jeweilige Angebotsleitung und Redaktion","ChurchTools-Gruppendatensatz, öffentliche Felder, Aktivität, Zielgruppe, Rhythmus, Ort und Kontakt bestätigen; kein Repository-Fallback; inaktive Angebote entfallen",2026-10-02
2,Angebot/Gruppe,Herzensgebet,https://akg-kiel.de/angebote-und-gruppen/herzensgebet,WordPress REST + Sitemap,2023-12-08,2024-01-11,nein,überarbeiten,/angebote (Herzensgebet; Detailziel in AKG-58),noah.zepner@akg-kiel.de (Projektleitung/Koordination),"AKG-55/63/72: öffentliche ChurchTools-Felder, jeweilige Angebotsleitung und Redaktion","ChurchTools-Gruppendatensatz, öffentliche Felder, Aktivität, Zielgruppe, Rhythmus, Ort und Kontakt bestätigen; kein Repository-Fallback; inaktive Angebote entfallen",2026-10-02
2,Angebot/Gruppe,Hörendes Gebet,https://akg-kiel.de/angebote-und-gruppen/hoerendes-gebet,WordPress REST + Sitemap,2019-07-26,2022-06-02,nein,überarbeiten,/angebote (Hörendes Gebet; Detailziel in AKG-58),noah.zepner@akg-kiel.de (Projektleitung/Koordination),"AKG-55/63/72: öffentliche ChurchTools-Felder, jeweilige Angebotsleitung und Redaktion","ChurchTools-Gruppendatensatz, öffentliche Felder, Aktivität, Zielgruppe, Rhythmus, Ort und Kontakt bestätigen; kein Repository-Fallback; inaktive Angebote entfallen",2026-10-02
2,Angebot/Gruppe,Jugendhauskreise,https://akg-kiel.de/angebote-und-gruppen/jugendhauskreise,WordPress REST + Sitemap,2019-10-02,2023-01-31,nein,überarbeiten,/angebote (Jugendhauskreise; Detailziel in AKG-58),noah.zepner@akg-kiel.de (Projektleitung/Koordination),"AKG-55/63/72: öffentliche ChurchTools-Felder, jeweilige Angebotsleitung und Redaktion","ChurchTools-Gruppendatensatz, öffentliche Felder, Aktivität, Zielgruppe, Rhythmus, Ort und Kontakt bestätigen; kein Repository-Fallback; inaktive Angebote entfallen",2026-10-02
2,Angebot/Gruppe,Junge Gemeinde,https://akg-kiel.de/angebote-und-gruppen/junge-gemeinde,WordPress REST + Sitemap,2026-04-19,2026-05-12,nein,überarbeiten,/angebote (Junge Gemeinde; Detailziel in AKG-58),noah.zepner@akg-kiel.de (Projektleitung/Koordination),"AKG-55/63/72: öffentliche ChurchTools-Felder, jeweilige Angebotsleitung und Redaktion","ChurchTools-Gruppendatensatz, öffentliche Felder, Aktivität, Zielgruppe, Rhythmus, Ort und Kontakt bestätigen; kein Repository-Fallback; inaktive Angebote entfallen",2026-10-02
2,Angebot/Gruppe,Kindergottesdienst,https://akg-kiel.de/angebote-und-gruppen/kindergottesdienst,WordPress REST + Sitemap,2019-08-28,2025-12-22,nein,überarbeiten,/angebote (Kindergottesdienst; Detailziel in AKG-58),noah.zepner@akg-kiel.de (Projektleitung/Koordination),"AKG-55/63/72: öffentliche ChurchTools-Felder, jeweilige Angebotsleitung und Redaktion","ChurchTools-Gruppendatensatz, öffentliche Felder, Aktivität, Zielgruppe, Rhythmus, Ort und Kontakt bestätigen; kein Repository-Fallback; inaktive Angebote entfallen",2026-10-02
2,Angebot/Gruppe,Konfirmations-Kurs,https://akg-kiel.de/angebote-und-gruppen/konfirmations-kurs,WordPress REST + Sitemap,2019-07-28,2025-09-14,nein,überarbeiten,/angebote (Konfirmations-Kurs; Detailziel in AKG-58),noah.zepner@akg-kiel.de (Projektleitung/Koordination),"AKG-55/63/72: öffentliche ChurchTools-Felder, jeweilige Angebotsleitung und Redaktion","ChurchTools-Gruppendatensatz, öffentliche Felder, Aktivität, Zielgruppe, Rhythmus, Ort und Kontakt bestätigen; kein Repository-Fallback; inaktive Angebote entfallen",2026-10-02
2,Angebot/Gruppe,Krabbelgruppe Krümelmonster,https://akg-kiel.de/angebote-und-gruppen/krabbelgruppe-kruemelmonster,WordPress REST + Sitemap,2019-07-28,2023-11-21,nein,überarbeiten,/angebote (Krabbelgruppe Krümelmonster; Detailziel in AKG-58),noah.zepner@akg-kiel.de (Projektleitung/Koordination),"AKG-55/63/72: öffentliche ChurchTools-Felder, jeweilige Angebotsleitung und Redaktion","ChurchTools-Gruppendatensatz, öffentliche Felder, Aktivität, Zielgruppe, Rhythmus, Ort und Kontakt bestätigen; kein Repository-Fallback; inaktive Angebote entfallen",2026-10-02
2,Angebot/Gruppe,Küsterteam,https://akg-kiel.de/angebote-und-gruppen/kuesterteam,WordPress REST + Sitemap,2019-07-16,2020-01-20,nein,überarbeiten,/angebote (Küsterteam; Detailziel in AKG-58),noah.zepner@akg-kiel.de (Projektleitung/Koordination),"AKG-55/63/72: öffentliche ChurchTools-Felder, jeweilige Angebotsleitung und Redaktion","ChurchTools-Gruppendatensatz, öffentliche Felder, Aktivität, Zielgruppe, Rhythmus, Ort und Kontakt bestätigen; kein Repository-Fallback; inaktive Angebote entfallen",2026-10-02
2,Angebot/Gruppe,Lightship,https://akg-kiel.de/angebote-und-gruppen/lightship,WordPress REST + Sitemap,2019-10-02,2025-01-27,nein,überarbeiten,/angebote (Lightship; Detailziel in AKG-58),noah.zepner@akg-kiel.de (Projektleitung/Koordination),"AKG-55/63/72: öffentliche ChurchTools-Felder, jeweilige Angebotsleitung und Redaktion","ChurchTools-Gruppendatensatz, öffentliche Felder, Aktivität, Zielgruppe, Rhythmus, Ort und Kontakt bestätigen; kein Repository-Fallback; inaktive Angebote entfallen",2026-10-02
2,Angebot/Gruppe,Männergebet,https://akg-kiel.de/angebote-und-gruppen/maennergebet,WordPress REST + Sitemap,2021-02-07,2024-12-16,nein,überarbeiten,/angebote (Männergebet; Detailziel in AKG-58),noah.zepner@akg-kiel.de (Projektleitung/Koordination),"AKG-55/63/72: öffentliche ChurchTools-Felder, jeweilige Angebotsleitung und Redaktion","ChurchTools-Gruppendatensatz, öffentliche Felder, Aktivität, Zielgruppe, Rhythmus, Ort und Kontakt bestätigen; kein Repository-Fallback; inaktive Angebote entfallen",2026-10-02
2,Angebot/Gruppe,Mitarbeit und JULEICA,https://akg-kiel.de/angebote-und-gruppen/mitarbeit-und-juleica,WordPress REST + Sitemap,2019-10-02,2020-01-17,nein,überarbeiten,/angebote (Mitarbeit und JULEICA; Detailziel in AKG-58),noah.zepner@akg-kiel.de (Projektleitung/Koordination),"AKG-55/63/72: öffentliche ChurchTools-Felder, jeweilige Angebotsleitung und Redaktion","ChurchTools-Gruppendatensatz, öffentliche Felder, Aktivität, Zielgruppe, Rhythmus, Ort und Kontakt bestätigen; kein Repository-Fallback; inaktive Angebote entfallen",2026-10-02
2,Angebot/Gruppe,Musik,https://akg-kiel.de/angebote-und-gruppen/musik,WordPress REST + Sitemap,2019-07-25,2024-11-16,nein,überarbeiten,/angebote (Musik; Detailziel in AKG-58),noah.zepner@akg-kiel.de (Projektleitung/Koordination),"AKG-55/63/72: öffentliche ChurchTools-Felder, jeweilige Angebotsleitung und Redaktion","ChurchTools-Gruppendatensatz, öffentliche Felder, Aktivität, Zielgruppe, Rhythmus, Ort und Kontakt bestätigen; kein Repository-Fallback; inaktive Angebote entfallen",2026-10-02
2,Angebot/Gruppe,NEU HIER,https://akg-kiel.de/angebote-und-gruppen/neu-hier,WordPress REST + Sitemap,2024-05-01,2024-05-09,nein,überarbeiten,/angebote (NEU HIER; Detailziel in AKG-58),noah.zepner@akg-kiel.de (Projektleitung/Koordination),"AKG-55/63/72: öffentliche ChurchTools-Felder, jeweilige Angebotsleitung und Redaktion","ChurchTools-Gruppendatensatz, öffentliche Felder, Aktivität, Zielgruppe, Rhythmus, Ort und Kontakt bestätigen; kein Repository-Fallback; inaktive Angebote entfallen",2026-10-02
2,Angebot/Gruppe,Pfadfinder,https://akg-kiel.de/angebote-und-gruppen/pfadfinder,WordPress REST + Sitemap,2019-07-11,2023-06-13,nein,überarbeiten,/angebote (Pfadfinder; Detailziel in AKG-58),noah.zepner@akg-kiel.de (Projektleitung/Koordination),"AKG-55/63/72: öffentliche ChurchTools-Felder, jeweilige Angebotsleitung und Redaktion","ChurchTools-Gruppendatensatz, öffentliche Felder, Aktivität, Zielgruppe, Rhythmus, Ort und Kontakt bestätigen; kein Repository-Fallback; inaktive Angebote entfallen",2026-10-02
2,Angebot/Gruppe,Pilgern,https://akg-kiel.de/angebote-und-gruppen/pilgern,WordPress REST + Sitemap,2022-06-29,2024-01-21,nein,überarbeiten,/angebote (Pilgern; Detailziel in AKG-58),noah.zepner@akg-kiel.de (Projektleitung/Koordination),"AKG-55/63/72: öffentliche ChurchTools-Felder, jeweilige Angebotsleitung und Redaktion","ChurchTools-Gruppendatensatz, öffentliche Felder, Aktivität, Zielgruppe, Rhythmus, Ort und Kontakt bestätigen; kein Repository-Fallback; inaktive Angebote entfallen",2026-10-02
2,Angebot/Gruppe,Sabbat Circle,https://akg-kiel.de/angebote-und-gruppen/sabbat-circle,WordPress REST + Sitemap,2023-11-02,2023-11-16,nein,überarbeiten,/angebote (Sabbat Circle; Detailziel in AKG-58),noah.zepner@akg-kiel.de (Projektleitung/Koordination),"AKG-55/63/72: öffentliche ChurchTools-Felder, jeweilige Angebotsleitung und Redaktion","ChurchTools-Gruppendatensatz, öffentliche Felder, Aktivität, Zielgruppe, Rhythmus, Ort und Kontakt bestätigen; kein Repository-Fallback; inaktive Angebote entfallen",2026-10-02
2,Angebot/Gruppe,Schmuddelwetterspielplatz,https://akg-kiel.de/angebote-und-gruppen/schmuddelwetterspielplatz,WordPress REST + Sitemap,2023-01-03,2025-12-22,nein,überarbeiten,/angebote (Schmuddelwetterspielplatz; Detailziel in AKG-58),noah.zepner@akg-kiel.de (Projektleitung/Koordination),"AKG-55/63/72: öffentliche ChurchTools-Felder, jeweilige Angebotsleitung und Redaktion","ChurchTools-Gruppendatensatz, öffentliche Felder, Aktivität, Zielgruppe, Rhythmus, Ort und Kontakt bestätigen; kein Repository-Fallback; inaktive Angebote entfallen",2026-10-02
2,Angebot/Gruppe,Team Nachhaltigkeit,https://akg-kiel.de/angebote-und-gruppen/team-nachhaltigkeit,WordPress REST + Sitemap,2019-08-13,2024-06-06,nein,überarbeiten,/angebote (Team Nachhaltigkeit; Detailziel in AKG-58),noah.zepner@akg-kiel.de (Projektleitung/Koordination),"AKG-55/63/72: öffentliche ChurchTools-Felder, jeweilige Angebotsleitung und Redaktion","ChurchTools-Gruppendatensatz, öffentliche Felder, Aktivität, Zielgruppe, Rhythmus, Ort und Kontakt bestätigen; kein Repository-Fallback; inaktive Angebote entfallen",2026-10-02
2,Angebot/Gruppe,Technikteam,https://akg-kiel.de/angebote-und-gruppen/technikteam,WordPress REST + Sitemap,2019-07-21,2022-08-21,nein,überarbeiten,/angebote (Technikteam; Detailziel in AKG-58),noah.zepner@akg-kiel.de (Projektleitung/Koordination),"AKG-55/63/72: öffentliche ChurchTools-Felder, jeweilige Angebotsleitung und Redaktion","ChurchTools-Gruppendatensatz, öffentliche Felder, Aktivität, Zielgruppe, Rhythmus, Ort und Kontakt bestätigen; kein Repository-Fallback; inaktive Angebote entfallen",2026-10-02
2,Angebot/Gruppe,Theologischer Arbeitskreis,https://akg-kiel.de/angebote-und-gruppen/theologischer-arbeitskreis,WordPress REST + Sitemap,2022-04-11,2023-11-10,nein,überarbeiten,/angebote (Theologischer Arbeitskreis; Detailziel in AKG-58),noah.zepner@akg-kiel.de (Projektleitung/Koordination),"AKG-55/63/72: öffentliche ChurchTools-Felder, jeweilige Angebotsleitung und Redaktion","ChurchTools-Gruppendatensatz, öffentliche Felder, Aktivität, Zielgruppe, Rhythmus, Ort und Kontakt bestätigen; kein Repository-Fallback; inaktive Angebote entfallen",2026-10-02
2,Angebot/Gruppe,TØRN 2026 Jugendsommerfreizeit,https://akg-kiel.de/angebote-und-gruppen/toern-24,WordPress REST + Sitemap,2022-01-19,2026-02-15,nein,überarbeiten,/angebote (TØRN 2026 Jugendsommerfreizeit; Detailziel in AKG-58),noah.zepner@akg-kiel.de (Projektleitung/Koordination),"AKG-55/63/72: öffentliche ChurchTools-Felder, jeweilige Angebotsleitung und Redaktion","ChurchTools-Gruppendatensatz, öffentliche Felder, Aktivität, Zielgruppe, Rhythmus, Ort und Kontakt bestätigen; kein Repository-Fallback; inaktive Angebote entfallen",2026-10-02
2,Angebot/Gruppe,TRAINEE,https://akg-kiel.de/angebote-und-gruppen/trainee,WordPress REST + Sitemap,2019-10-02,2026-06-05,nein,überarbeiten,/angebote (TRAINEE; Detailziel in AKG-58),noah.zepner@akg-kiel.de (Projektleitung/Koordination),"AKG-55/63/72: öffentliche ChurchTools-Felder, jeweilige Angebotsleitung und Redaktion","ChurchTools-Gruppendatensatz, öffentliche Felder, Aktivität, Zielgruppe, Rhythmus, Ort und Kontakt bestätigen; kein Repository-Fallback; inaktive Angebote entfallen",2026-10-02
2,Angebot/Gruppe,Website-Team,https://akg-kiel.de/angebote-und-gruppen/website-team,WordPress REST + Sitemap,2019-07-26,2026-03-27,nein,überarbeiten,/angebote (Website-Team; Detailziel in AKG-58),noah.zepner@akg-kiel.de (Projektleitung/Koordination),"AKG-55/63/72: öffentliche ChurchTools-Felder, jeweilige Angebotsleitung und Redaktion","ChurchTools-Gruppendatensatz, öffentliche Felder, Aktivität, Zielgruppe, Rhythmus, Ort und Kontakt bestätigen; kein Repository-Fallback; inaktive Angebote entfallen",2026-10-02
2,Angebot/Gruppe,wunder.bar,https://akg-kiel.de/angebote-und-gruppen/wunder-bar,WordPress REST + Sitemap,2019-11-28,2026-01-25,nein,überarbeiten,/angebote (wunder.bar; Detailziel in AKG-58),noah.zepner@akg-kiel.de (Projektleitung/Koordination),"AKG-55/63/72: öffentliche ChurchTools-Felder, jeweilige Angebotsleitung und Redaktion","ChurchTools-Gruppendatensatz, öffentliche Felder, Aktivität, Zielgruppe, Rhythmus, Ort und Kontakt bestätigen; kein Repository-Fallback; inaktive Angebote entfallen",2026-10-02
2,Beitrag,Gottesdienste und Gottesdienstformate,https://akg-kiel.de/gottesdienste-und-gottesdienstformate,WordPress REST + Sitemap,2023-09-07,2023-10-20,nein,archivieren,/gottesdienste,noah.zepner@akg-kiel.de (Projektleitung/Koordination),AKG-58/66: redaktionelle Redirect-Freigabe,Semantischen Nachfolger und Zielroute bestätigen; Altbeitrag selbst bleibt archiviert,2026-10-02
2,Beitrag,Junge Gemeinde,https://akg-kiel.de/junge-gemeinde,WordPress REST + Sitemap,2026-01-11,2026-05-12,nein,archivieren,/angebote (Junge Gemeinde; Detailziel in AKG-58),noah.zepner@akg-kiel.de (Projektleitung/Koordination),AKG-58/66: redaktionelle Redirect-Freigabe,Semantischen Nachfolger und Zielroute bestätigen; Altbeitrag selbst bleibt archiviert,2026-10-02
2,Beitrag,Leitbild,https://akg-kiel.de/leitbild,WordPress REST + Sitemap,2019-07-27,2020-04-02,nein,archivieren,/gemeinde#leitbild,noah.zepner@akg-kiel.de (Projektleitung/Koordination),AKG-58/66: redaktionelle Redirect-Freigabe,Semantischen Nachfolger und Zielroute bestätigen; Altbeitrag selbst bleibt archiviert,2026-10-02
2,Beitrag,Lightship,https://akg-kiel.de/lightship,WordPress REST + Sitemap,2021-12-07,2022-12-17,nein,archivieren,/angebote (Lightship; Detailziel in AKG-58),noah.zepner@akg-kiel.de (Projektleitung/Koordination),AKG-58/66: redaktionelle Redirect-Freigabe,Semantischen Nachfolger und Zielroute bestätigen; Altbeitrag selbst bleibt archiviert,2026-10-02
2,Beitrag,neu-hier,https://akg-kiel.de/neu-hier,WordPress REST + Sitemap,2021-01-22,2023-01-22,nein,archivieren,/angebote (Neu hier; Detailziel in AKG-58),noah.zepner@akg-kiel.de (Projektleitung/Koordination),AKG-58/66: redaktionelle Redirect-Freigabe,Semantischen Nachfolger und Zielroute bestätigen; Altbeitrag selbst bleibt archiviert,2026-10-02
2,Beitrag,Offener Hauskreis,https://akg-kiel.de/offener-hauskreis,WordPress REST + Sitemap,2025-07-04,2025-07-09,nein,archivieren,/angebote (Hauskreise; Detailziel in AKG-58),noah.zepner@akg-kiel.de (Projektleitung/Koordination),AKG-58/66: redaktionelle Redirect-Freigabe,Semantischen Nachfolger und Zielroute bestätigen; Altbeitrag selbst bleibt archiviert,2026-10-02
2,Beitrag,Theologischer Arbeitskreis,https://akg-kiel.de/theologischer-arbeitskreis,WordPress REST + Sitemap,2022-01-13,2023-11-10,nein,archivieren,/angebote (Theologischer Arbeitskreis; Detailziel in AKG-58),noah.zepner@akg-kiel.de (Projektleitung/Koordination),AKG-58/66: redaktionelle Redirect-Freigabe,Semantischen Nachfolger und Zielroute bestätigen; Altbeitrag selbst bleibt archiviert,2026-10-02
2,Beitrag,Trainee,https://akg-kiel.de/trainee,WordPress REST + Sitemap,2024-06-02,2024-12-27,nein,archivieren,/angebote (Trainee; Detailziel in AKG-58),noah.zepner@akg-kiel.de (Projektleitung/Koordination),AKG-58/66: redaktionelle Redirect-Freigabe,Semantischen Nachfolger und Zielroute bestätigen; Altbeitrag selbst bleibt archiviert,2026-10-02
2,FAQ,Wo finde ich allgemeine Infos zu Trauungen in der Petruskirche?,https://akg-kiel.de/faq-items/darf-ich-in-ihrer-kirche-heiraten,WordPress REST + Sitemap,2019-10-16,2023-10-19,nein,überarbeiten,/kontakt#faqs (vorläufig; AKG-58),noah.zepner@akg-kiel.de (Projektleitung/Koordination),AKG-55/61/72: Pastorat/Fachverantwortung und Redaktion,"Antwort fachlich prüfen und entscheiden, ob sie öffentlich benötigt wird",2026-10-02
2,FAQ,Der Verlust des Angehörigen ist so schmerzlich. Wo finde ich Hilfe?,https://akg-kiel.de/faq-items/der-verlust-des-angehoerigen-ist-so-schmerzlich-wo-finde-ich-hilfe,WordPress REST + Sitemap,2020-01-24,2020-01-24,nein,überarbeiten,/kontakt#faqs (vorläufig; AKG-58),noah.zepner@akg-kiel.de (Projektleitung/Koordination),AKG-55/61/72: Pastorat/Fachverantwortung und Redaktion,"Antwort fachlich prüfen und entscheiden, ob sie öffentlich benötigt wird",2026-10-02
2,FAQ,"Gibt es eine kirchliche Vorschrift, in welcher Kirche wir uns trauen lassen?",https://akg-kiel.de/faq-items/gibt-es-eine-kirchliche-vorschrift-in-welcher-kirche-wir-uns-trauen-lassen,WordPress REST + Sitemap,2020-01-24,2020-02-07,nein,überarbeiten,/kontakt#faqs (vorläufig; AKG-58),noah.zepner@akg-kiel.de (Projektleitung/Koordination),AKG-55/61/72: Pastorat/Fachverantwortung und Redaktion,"Antwort fachlich prüfen und entscheiden, ob sie öffentlich benötigt wird",2026-10-02
2,FAQ,Mein Partner / meine Partnerin ist nicht in der Kirche. Was nun?,https://akg-kiel.de/faq-items/kann-ich-mit-einem-gemeindefremden-pastor-getraut-werden,WordPress REST + Sitemap,2019-07-29,2020-02-07,nein,überarbeiten,/kontakt#faqs (vorläufig; AKG-58),noah.zepner@akg-kiel.de (Projektleitung/Koordination),AKG-55/61/72: Pastorat/Fachverantwortung und Redaktion,"Antwort fachlich prüfen und entscheiden, ob sie öffentlich benötigt wird",2026-10-02
2,FAQ,Welcher Pastor / welche Pastorin führt die Trauung durch?,https://akg-kiel.de/faq-items/muss-ich-in-der-kirche-mitglied-sein-um-in-der-petruskirche-heiraten-zu-koennen,WordPress REST + Sitemap,2019-07-29,2022-05-18,nein,überarbeiten,/kontakt#faqs (vorläufig; AKG-58),noah.zepner@akg-kiel.de (Projektleitung/Koordination),AKG-55/61/72: Pastorat/Fachverantwortung und Redaktion,"Antwort fachlich prüfen und entscheiden, ob sie öffentlich benötigt wird",2026-10-02
2,FAQ,Was ist die Taufe?,https://akg-kiel.de/faq-items/was-ist-die-taufe,WordPress REST + Sitemap,2020-01-24,2020-01-25,nein,überarbeiten,/kontakt#faqs (vorläufig; AKG-58),noah.zepner@akg-kiel.de (Projektleitung/Koordination),AKG-55/61/72: Pastorat/Fachverantwortung und Redaktion,"Antwort fachlich prüfen und entscheiden, ob sie öffentlich benötigt wird",2026-10-02
2,FAQ,Was kostet die Taufe in der Petruskirche?,https://akg-kiel.de/faq-items/was-kostet-die-taufe-in-der-petruskirche,WordPress REST + Sitemap,2020-01-24,2020-01-24,nein,überarbeiten,/kontakt#faqs (vorläufig; AKG-58),noah.zepner@akg-kiel.de (Projektleitung/Koordination),AKG-55/61/72: Pastorat/Fachverantwortung und Redaktion,"Antwort fachlich prüfen und entscheiden, ob sie öffentlich benötigt wird",2026-10-02
2,FAQ,Welche Dokumente brauche ich für die Trauung?,https://akg-kiel.de/faq-items/welche-dokumente-brauche-ich-fuer-die-trauung,WordPress REST + Sitemap,2020-01-24,2025-04-15,nein,überarbeiten,/kontakt#faqs (vorläufig; AKG-58),noah.zepner@akg-kiel.de (Projektleitung/Koordination),AKG-55/61/72: Pastorat/Fachverantwortung und Redaktion,"Antwort fachlich prüfen und entscheiden, ob sie öffentlich benötigt wird",2026-10-02
2,FAQ,Welche Dokumente muss ich zur Taufe vorlegen?,https://akg-kiel.de/faq-items/welche-dokumente-muss-ich-vorlegen,WordPress REST + Sitemap,2020-01-24,2023-06-14,nein,überarbeiten,/kontakt#faqs (vorläufig; AKG-58),noah.zepner@akg-kiel.de (Projektleitung/Koordination),AKG-55/61/72: Pastorat/Fachverantwortung und Redaktion,"Antwort fachlich prüfen und entscheiden, ob sie öffentlich benötigt wird",2026-10-02
2,FAQ,Welche Pastorin / welcher Pastor leitet die Trauerfeier?,https://akg-kiel.de/faq-items/welche-pastorin-welcher-pastor-leitet-die-trauerfeier,WordPress REST + Sitemap,2020-01-24,2023-01-15,nein,überarbeiten,/kontakt#faqs (vorläufig; AKG-58),noah.zepner@akg-kiel.de (Projektleitung/Koordination),AKG-55/61/72: Pastorat/Fachverantwortung und Redaktion,"Antwort fachlich prüfen und entscheiden, ob sie öffentlich benötigt wird",2026-10-02
2,FAQ,Wie finde ich einen Taufspruch?,https://akg-kiel.de/faq-items/wie-finde-ich-einen-taufspruch,WordPress REST + Sitemap,2020-01-24,2020-01-24,nein,überarbeiten,/kontakt#faqs (vorläufig; AKG-58),noah.zepner@akg-kiel.de (Projektleitung/Koordination),AKG-55/61/72: Pastorat/Fachverantwortung und Redaktion,"Antwort fachlich prüfen und entscheiden, ob sie öffentlich benötigt wird",2026-10-02
2,FAQ,Wie finde ich einen Trauspruch?,https://akg-kiel.de/faq-items/wie-finde-ich-einen-trauspruch,WordPress REST + Sitemap,2020-01-24,2020-01-24,nein,überarbeiten,/kontakt#faqs (vorläufig; AKG-58),noah.zepner@akg-kiel.de (Projektleitung/Koordination),AKG-55/61/72: Pastorat/Fachverantwortung und Redaktion,"Antwort fachlich prüfen und entscheiden, ob sie öffentlich benötigt wird",2026-10-02
2,FAQ,Wo finde ich Informationen zum Konfirmationsunterricht?,https://akg-kiel.de/faq-items/wie-lange-geht-ist-der-konfirmationsunterricht,WordPress REST + Sitemap,2022-08-30,2025-04-15,nein,überarbeiten,/kontakt#faqs (vorläufig; AKG-58),noah.zepner@akg-kiel.de (Projektleitung/Koordination),AKG-55/61/72: Pastorat/Fachverantwortung und Redaktion,"Antwort fachlich prüfen und entscheiden, ob sie öffentlich benötigt wird",2026-10-02
2,FAQ,Wie werde ich Mitglied der Apostel-Kirchengemeinde?,https://akg-kiel.de/faq-items/wie-werde-ich-mitglied-der-apostel-kirchengemeinde,WordPress REST + Sitemap,2020-01-24,2023-06-14,nein,überarbeiten,/kontakt#faqs (vorläufig; AKG-58),noah.zepner@akg-kiel.de (Projektleitung/Koordination),AKG-55/61/72: Pastorat/Fachverantwortung und Redaktion,"Antwort fachlich prüfen und entscheiden, ob sie öffentlich benötigt wird",2026-10-02
2,FAQ,Wo finden die Taufen statt?,https://akg-kiel.de/faq-items/wo-finden-die-taufen-statt,WordPress REST + Sitemap,2020-01-24,2020-01-24,nein,überarbeiten,/kontakt#faqs (vorläufig; AKG-58),noah.zepner@akg-kiel.de (Projektleitung/Koordination),AKG-55/61/72: Pastorat/Fachverantwortung und Redaktion,"Antwort fachlich prüfen und entscheiden, ob sie öffentlich benötigt wird",2026-10-02
2,FAQ,Wo findet die Trauerfeier statt?,https://akg-kiel.de/faq-items/wo-findet-die-trauerfeier-statt,WordPress REST + Sitemap,2020-01-24,2020-01-24,nein,überarbeiten,/kontakt#faqs (vorläufig; AKG-58),noah.zepner@akg-kiel.de (Projektleitung/Koordination),AKG-55/61/72: Pastorat/Fachverantwortung und Redaktion,"Antwort fachlich prüfen und entscheiden, ob sie öffentlich benötigt wird",2026-10-02
2,Seite,Kindergottesdienst,https://akg-kiel.de/angebote-gruppen-seite/2360-2,WordPress REST + Sitemap,2019-08-23,2019-08-23,nein,entfallen lassen,/angebote (Kindergottesdienst; Detailziel in AKG-58),noah.zepner@akg-kiel.de (Projektleitung/Koordination),"AKG-55/63: ChurchTools-Datensatz, Angebotsleitung und Redaktion",Aktivität und ChurchTools-Gruppendatensatz bestätigen sowie genaues Ziel festlegen; kein Repository-Fallback,2026-10-02
2,Seite,Tansaniaprojekt,https://akg-kiel.de/gemeinde/tansaniaprojekt,WordPress REST + Sitemap,2019-08-29,2019-09-08,nein,überarbeiten,/gemeinde/tansaniaprojekt (vorläufig; AKG-58),noah.zepner@akg-kiel.de (Projektleitung/Koordination),AKG-55/64/72: Partnerschaftsarbeit und Redaktion,"Aktualität, Verantwortliche, Spendenbezug und Zielroute bestätigen",2026-10-02
2,Seite,Gemeindehaus Mitte,https://akg-kiel.de/gemeindehaus-mitte,WordPress REST + Sitemap,2019-08-07,2023-11-14,nein,überarbeiten,/gemeindehaus-mitte (vorläufig; AKG-58),noah.zepner@akg-kiel.de (Projektleitung/Koordination),"AKG-64/72: Orts-, Kontakt- und Barrierefreiheitsangaben",Zielroute und alle praktischen Angaben bestätigen,2026-10-02
2,Seite,Gemeindehaus Wik,https://akg-kiel.de/gemeindehaus-wik,WordPress REST + Sitemap,2019-08-07,2020-01-20,nein,überarbeiten,/gemeindehaus-wik (vorläufig; AKG-58),noah.zepner@akg-kiel.de (Projektleitung/Koordination),"AKG-64/72: Orts-, Kontakt- und Barrierefreiheitsangaben",Zielroute und alle praktischen Angaben bestätigen,2026-10-02
2,Seite,Geschichte,https://akg-kiel.de/geschichte,WordPress REST + Sitemap,2019-07-11,2019-11-13,nein,entfallen lassen,/gemeinde#geschichte (vorläufig; AKG-58),noah.zepner@akg-kiel.de (Projektleitung/Koordination),AKG-58/64: redaktionell,Umfang der ausgewählten Geschichte festlegen,2026-10-02
2,Seite,Newsletter,https://akg-kiel.de/newsletter,WordPress REST + Sitemap,2021-10-29,2025-07-22,nein,überarbeiten,/newsletter (vorläufig; AKG-58),noah.zepner@akg-kiel.de (Projektleitung/Koordination),"AKG-55/61/69/72: Quelle, Einwilligung und Datenschutz","Newsletter-System, Pflegeweg und Zielroute festlegen",2026-10-02
3,Angebotskategorie,Alle Angebote & Gruppen,https://akg-kiel.de/portfolio_category/alle-angebote-gruppen,WordPress REST + Sitemap,,,nein,entfallen lassen,/angebote,noah.zepner@akg-kiel.de (Projektleitung/Koordination),AKG-58/63/66: Redirect-Sammelfreigabe,Keine,
3,Angebotskategorie,Bibelstudium,https://akg-kiel.de/portfolio_category/bibelstudium,WordPress REST + Sitemap,,,nein,entfallen lassen,/angebote,noah.zepner@akg-kiel.de (Projektleitung/Koordination),AKG-58/63/66: Redirect-Sammelfreigabe,Keine,
3,Angebotskategorie,Erwachsene,https://akg-kiel.de/portfolio_category/erwachsene,WordPress REST + Sitemap,,,nein,entfallen lassen,/angebote,noah.zepner@akg-kiel.de (Projektleitung/Koordination),AKG-58/63/66: Redirect-Sammelfreigabe,Keine,
3,Angebotskategorie,Jugend & junge Erwachsene,https://akg-kiel.de/portfolio_category/jugend-junge-erwachsene,WordPress REST + Sitemap,,,nein,entfallen lassen,/angebote,noah.zepner@akg-kiel.de (Projektleitung/Koordination),AKG-58/63/66: Redirect-Sammelfreigabe,Keine,
3,Angebotskategorie,Kinder & Eltern,https://akg-kiel.de/portfolio_category/kinder-eltern,WordPress REST + Sitemap,,,nein,entfallen lassen,/angebote,noah.zepner@akg-kiel.de (Projektleitung/Koordination),AKG-58/63/66: Redirect-Sammelfreigabe,Keine,
3,Angebotskategorie,Um den Gottesdienst,https://akg-kiel.de/portfolio_category/um-den-gottesdienst,WordPress REST + Sitemap,,,nein,entfallen lassen,/angebote,noah.zepner@akg-kiel.de (Projektleitung/Koordination),AKG-58/63/66: Redirect-Sammelfreigabe,Keine,
3,Angebotsschlagwort,Nummer 1,https://akg-kiel.de/portfolio_tags/nummer-1,WordPress REST (nicht im Sitemap-Cache),,,nein,entfallen lassen,/angebote,noah.zepner@akg-kiel.de (Projektleitung/Koordination),AKG-58/63/66: Redirect-Sammelfreigabe,Keine,
3,Angebotsschlagwort,Nummer 2,https://akg-kiel.de/portfolio_tags/nummer-2,WordPress REST (nicht im Sitemap-Cache),,,nein,entfallen lassen,/angebote,noah.zepner@akg-kiel.de (Projektleitung/Koordination),AKG-58/63/66: Redirect-Sammelfreigabe,Keine,
3,Autorenarchiv,Danny Russ,https://akg-kiel.de/author/d-russ,WordPress REST + Sitemap,,,nein,entfallen lassen,Kein Nachfolger; 410/404 statt inhaltlich falschem Redirect,noah.zepner@akg-kiel.de (Projektleitung/Koordination),AKG-53: keine gesonderte Freigabe,Keine,
3,Autorenarchiv,Frank Lönne,https://akg-kiel.de/author/f-loenne,WordPress REST + Sitemap,,,nein,entfallen lassen,Kein Nachfolger; 410/404 statt inhaltlich falschem Redirect,noah.zepner@akg-kiel.de (Projektleitung/Koordination),AKG-53: keine gesonderte Freigabe,Keine,
3,Autorenarchiv,Florian Uellendahl,https://akg-kiel.de/author/f-uehllendahl,WordPress REST + Sitemap,,,nein,entfallen lassen,Kein Nachfolger; 410/404 statt inhaltlich falschem Redirect,noah.zepner@akg-kiel.de (Projektleitung/Koordination),AKG-53: keine gesonderte Freigabe,Keine,
3,Autorenarchiv,Yonatan,https://akg-kiel.de/author/franny,WordPress REST + Sitemap,,,nein,entfallen lassen,Kein Nachfolger; 410/404 statt inhaltlich falschem Redirect,noah.zepner@akg-kiel.de (Projektleitung/Koordination),AKG-53: keine gesonderte Freigabe,Keine,
3,Autorenarchiv,Gerald,https://akg-kiel.de/author/gerald,WordPress REST + Sitemap,,,nein,entfallen lassen,Kein Nachfolger; 410/404 statt inhaltlich falschem Redirect,noah.zepner@akg-kiel.de (Projektleitung/Koordination),AKG-53: keine gesonderte Freigabe,Keine,
3,Autorenarchiv,Jürgen Hansen,https://akg-kiel.de/author/j-hansen,WordPress REST + Sitemap,,,nein,entfallen lassen,Kein Nachfolger; 410/404 statt inhaltlich falschem Redirect,noah.zepner@akg-kiel.de (Projektleitung/Koordination),AKG-53: keine gesonderte Freigabe,Keine,
3,Autorenarchiv,Katha,https://akg-kiel.de/author/katha,WordPress REST + Sitemap,,,nein,entfallen lassen,Kein Nachfolger; 410/404 statt inhaltlich falschem Redirect,noah.zepner@akg-kiel.de (Projektleitung/Koordination),AKG-53: keine gesonderte Freigabe,Keine,
3,Autorenarchiv,Master,https://akg-kiel.de/author/master,WordPress REST + Sitemap,,,nein,entfallen lassen,Kein Nachfolger; 410/404 statt inhaltlich falschem Redirect,noah.zepner@akg-kiel.de (Projektleitung/Koordination),AKG-53: keine gesonderte Freigabe,Keine,
3,Autorenarchiv,NoahZ,https://akg-kiel.de/author/noahz,WordPress REST + Sitemap,,,nein,entfallen lassen,Kein Nachfolger; 410/404 statt inhaltlich falschem Redirect,noah.zepner@akg-kiel.de (Projektleitung/Koordination),AKG-53: keine gesonderte Freigabe,Keine,
3,Autorenarchiv,Ralf Ziesemer,https://akg-kiel.de/author/r-ziesemer,WordPress REST + Sitemap,,,nein,entfallen lassen,Kein Nachfolger; 410/404 statt inhaltlich falschem Redirect,noah.zepner@akg-kiel.de (Projektleitung/Koordination),AKG-53: keine gesonderte Freigabe,Keine,
3,Autorenarchiv,Sabine Werth,https://akg-kiel.de/author/sabine-werth,WordPress REST + Sitemap,,,nein,entfallen lassen,Kein Nachfolger; 410/404 statt inhaltlich falschem Redirect,noah.zepner@akg-kiel.de (Projektleitung/Koordination),AKG-53: keine gesonderte Freigabe,Keine,
3,Beitrag,1. Sinfoniekonzert ebg,https://akg-kiel.de/1-sinfoniekonzert-ebg,WordPress REST + Sitemap,2023-11-16,2024-11-18,nein,extern verlinken,https://konzerte-petruskirche.de/programm/archiv,noah.zepner@akg-kiel.de (Projektleitung/Koordination),Website Konzerte + AKG-69,Einzelziel nur bei vorhandenem Archivdatensatz; sonst Archivübersicht,2027-02-19
3,Beitrag,1000-Lights Concerts,https://akg-kiel.de/1000-lights-concerts,WordPress REST + Sitemap,2024-02-02,2025-02-03,nein,extern verlinken,https://konzerte-petruskirche.de/programm/archiv,noah.zepner@akg-kiel.de (Projektleitung/Koordination),Website Konzerte + AKG-69,Einzelziel nur bei vorhandenem Archivdatensatz; sonst Archivübersicht,2027-02-19
3,Beitrag,Open Church Oktober 26,https://akg-kiel.de/25-10-26-in-gemeinschaft,WordPress REST + Sitemap,2026-08-19,2026-08-22,nein,archivieren,WordPress-Backup gemäß AKG-70; kein öffentlicher Redirect vorgesehen,noah.zepner@akg-kiel.de (Projektleitung/Koordination),AKG-53: redaktionelle Sammelentscheidung,Ausnahme nur bei begründetem aktuellem Bedarf; ohne Rückmeldung keine Migration,2026-10-02
3,Beitrag,Pilaurezept,https://akg-kiel.de/2699-2,WordPress REST + Sitemap,2019-08-08,2021-08-25,nein,archivieren,WordPress-Backup gemäß AKG-70; kein öffentlicher Redirect vorgesehen,noah.zepner@akg-kiel.de (Projektleitung/Koordination),AKG-53: redaktionelle Sammelentscheidung,Ausnahme nur bei begründetem aktuellem Bedarf; ohne Rückmeldung keine Migration,2026-10-02
3,Beitrag,Besuchsbericht Sep 2018,https://akg-kiel.de/2707-2,WordPress REST + Sitemap,2018-09-08,2021-08-25,nein,archivieren,WordPress-Backup gemäß AKG-70; kein öffentlicher Redirect vorgesehen,noah.zepner@akg-kiel.de (Projektleitung/Koordination),AKG-53: redaktionelle Sammelentscheidung,Ausnahme nur bei begründetem aktuellem Bedarf; ohne Rückmeldung keine Migration,2026-10-02
3,Beitrag,Laternenfest in der Wik – eine Institution!,https://akg-kiel.de/28026-2,WordPress REST + Sitemap,2023-11-30,2023-11-30,nein,archivieren,WordPress-Backup gemäß AKG-70; kein öffentlicher Redirect vorgesehen,noah.zepner@akg-kiel.de (Projektleitung/Koordination),AKG-53: redaktionelle Sammelentscheidung,Ausnahme nur bei begründetem aktuellem Bedarf; ohne Rückmeldung keine Migration,2026-10-02
3,Beitrag,,https://akg-kiel.de/29783-2,WordPress REST + Sitemap,2024-06-30,2025-08-04,nein,extern verlinken,https://konzerte-petruskirche.de/programm/archiv,noah.zepner@akg-kiel.de (Projektleitung/Koordination),Website Konzerte + AKG-69,Einzelziel nur bei vorhandenem Archivdatensatz; sonst Archivübersicht,2027-02-19
3,Beitrag,Home for Christmas 2025,https://akg-kiel.de/29864-2,WordPress REST + Sitemap,2024-11-30,2026-01-24,nein,extern verlinken,https://konzerte-petruskirche.de/programm/archiv,noah.zepner@akg-kiel.de (Projektleitung/Koordination),Website Konzerte + AKG-69,Einzelziel nur bei vorhandenem Archivdatensatz; sonst Archivübersicht,2027-02-19
3,Beitrag,SAMUEL HARFST Live in der Petruskirche Kiel,https://akg-kiel.de/29972-2,WordPress REST + Sitemap,2024-11-26,2026-01-24,nein,extern verlinken,https://konzerte-petruskirche.de/programm/archiv,noah.zepner@akg-kiel.de (Projektleitung/Koordination),Website Konzerte + AKG-69,Einzelziel nur bei vorhandenem Archivdatensatz; sonst Archivübersicht,2027-02-19
3,Beitrag,Messa Da Requiem – Verdi – Konzert Petruskirche Kiel,https://akg-kiel.de/29992-2,WordPress REST + Sitemap,2024-11-23,2026-01-24,nein,extern verlinken,https://konzerte-petruskirche.de/programm/archiv,noah.zepner@akg-kiel.de (Projektleitung/Koordination),Website Konzerte + AKG-69,Einzelziel nur bei vorhandenem Archivdatensatz; sonst Archivübersicht,2027-02-19
3,Beitrag,3. PETER-RONNEFELD-WETTBEWERB,https://akg-kiel.de/3-peter-ronnefeld-wettbewerb,WordPress REST + Sitemap,2023-05-25,2024-05-27,nein,extern verlinken,https://konzerte-petruskirche.de/programm/archiv,noah.zepner@akg-kiel.de (Projektleitung/Koordination),Website Konzerte + AKG-69,Einzelziel nur bei vorhandenem Archivdatensatz; sonst Archivübersicht,2027-02-19
3,Beitrag,3. Sinfoniekonzert,https://akg-kiel.de/3-sinfoniekonzert,WordPress REST + Sitemap,2021-06-11,2022-06-13,nein,extern verlinken,https://konzerte-petruskirche.de/programm/archiv,noah.zepner@akg-kiel.de (Projektleitung/Koordination),Website Konzerte + AKG-69,Einzelziel nur bei vorhandenem Archivdatensatz; sonst Archivübersicht,2027-02-19
3,Beitrag,Akademisches Orchester CAU Kiel,https://akg-kiel.de/30160-2,WordPress REST + Sitemap,2025-01-28,2026-03-11,nein,extern verlinken,https://konzerte-petruskirche.de/programm/archiv,noah.zepner@akg-kiel.de (Projektleitung/Koordination),Website Konzerte + AKG-69,Einzelziel nur bei vorhandenem Archivdatensatz; sonst Archivübersicht,2027-02-19
3,Beitrag,Landesakkordeonorchester,https://akg-kiel.de/30163-2,WordPress REST + Sitemap,2025-04-18,2026-08-27,nein,extern verlinken,https://konzerte-petruskirche.de/programm/archiv,noah.zepner@akg-kiel.de (Projektleitung/Koordination),Website Konzerte + AKG-69,Einzelziel nur bei vorhandenem Archivdatensatz; sonst Archivübersicht,2027-02-19
3,Beitrag,Kieler Kammerorchester – Schwungvoll in den Frühling,https://akg-kiel.de/30234-2,WordPress REST + Sitemap,2025-03-23,2026-08-27,nein,extern verlinken,https://konzerte-petruskirche.de/programm/archiv,noah.zepner@akg-kiel.de (Projektleitung/Koordination),Website Konzerte + AKG-69,Einzelziel nur bei vorhandenem Archivdatensatz; sonst Archivübersicht,2027-02-19
3,Beitrag,,https://akg-kiel.de/30504-2,WordPress REST + Sitemap,2025-09-05,2026-08-27,nein,extern verlinken,https://konzerte-petruskirche.de/programm/archiv,noah.zepner@akg-kiel.de (Projektleitung/Koordination),Website Konzerte + AKG-69,Einzelziel nur bei vorhandenem Archivdatensatz; sonst Archivübersicht,2027-02-19
3,Beitrag,Maybebop,https://akg-kiel.de/30523-2,WordPress REST + Sitemap,2025-09-02,2026-09-02,nein,extern verlinken,https://konzerte-petruskirche.de/programm/archiv,noah.zepner@akg-kiel.de (Projektleitung/Koordination),Website Konzerte + AKG-69,Einzelziel nur bei vorhandenem Archivdatensatz; sonst Archivübersicht,2027-02-19
3,Beitrag,Brückenkonzert 2026,https://akg-kiel.de/30532-2,WordPress REST + Sitemap,2025-09-26,2026-09-02,nein,extern verlinken,https://konzerte-petruskirche.de/programm/archiv,noah.zepner@akg-kiel.de (Projektleitung/Koordination),Website Konzerte + AKG-69,Einzelziel nur bei vorhandenem Archivdatensatz; sonst Archivübersicht,2027-02-19
3,Beitrag,Besuch in Kimosonu,https://akg-kiel.de/3139-2,WordPress REST + Sitemap,2015-02-09,2019-10-09,nein,archivieren,WordPress-Backup gemäß AKG-70; kein öffentlicher Redirect vorgesehen,noah.zepner@akg-kiel.de (Projektleitung/Koordination),AKG-53: redaktionelle Sammelentscheidung,Ausnahme nur bei begründetem aktuellem Bedarf; ohne Rückmeldung keine Migration,2026-10-02
3,Beitrag,4 Kinderchöre der Klangkiste,https://akg-kiel.de/4-kinderchoere-der-klangkiste,WordPress REST + Sitemap,2022-11-25,2023-11-28,nein,extern verlinken,https://konzerte-petruskirche.de/programm/archiv,noah.zepner@akg-kiel.de (Projektleitung/Koordination),Website Konzerte + AKG-69,Einzelziel nur bei vorhandenem Archivdatensatz; sonst Archivübersicht,2027-02-19
3,Beitrag,6 Monate . . .,https://akg-kiel.de/6-monate,WordPress REST + Sitemap,2023-07-26,2023-08-23,nein,archivieren,WordPress-Backup gemäß AKG-70; kein öffentlicher Redirect vorgesehen,noah.zepner@akg-kiel.de (Projektleitung/Koordination),AKG-53: redaktionelle Sammelentscheidung,Ausnahme nur bei begründetem aktuellem Bedarf; ohne Rückmeldung keine Migration,2026-10-02
3,Beitrag,mütter jesu lesungen,https://akg-kiel.de/6694-2,WordPress REST + Sitemap,2020-12-13,2021-02-03,nein,archivieren,WordPress-Backup gemäß AKG-70; kein öffentlicher Redirect vorgesehen,noah.zepner@akg-kiel.de (Projektleitung/Koordination),AKG-53: redaktionelle Sammelentscheidung,Ausnahme nur bei begründetem aktuellem Bedarf; ohne Rückmeldung keine Migration,2026-10-02
3,Beitrag,A message from Bishop Kitoi,https://akg-kiel.de/a-message-from-bishop-kitoi,WordPress REST + Sitemap,2020-03-31,2021-08-25,nein,archivieren,WordPress-Backup gemäß AKG-70; kein öffentlicher Redirect vorgesehen,noah.zepner@akg-kiel.de (Projektleitung/Koordination),AKG-53: redaktionelle Sammelentscheidung,Ausnahme nur bei begründetem aktuellem Bedarf; ohne Rückmeldung keine Migration,2026-10-02
3,Beitrag,Abi Wallenstein Spirit of the Blues,https://akg-kiel.de/abi-wallenstein-spirit-of-the-blues,WordPress REST + Sitemap,2021-09-06,2022-03-09,nein,extern verlinken,https://konzerte-petruskirche.de/programm/archiv,noah.zepner@akg-kiel.de (Projektleitung/Koordination),Website Konzerte + AKG-69,Einzelziel nur bei vorhandenem Archivdatensatz; sonst Archivübersicht,2027-02-19
3,Beitrag,Abschied von der Kinderstube,https://akg-kiel.de/abschied-von-der-kinderstube,WordPress REST + Sitemap,2021-06-11,2022-06-29,nein,archivieren,WordPress-Backup gemäß AKG-70; kein öffentlicher Redirect vorgesehen,noah.zepner@akg-kiel.de (Projektleitung/Koordination),AKG-53: redaktionelle Sammelentscheidung,Ausnahme nur bei begründetem aktuellem Bedarf; ohne Rückmeldung keine Migration,2026-10-02
3,Beitrag,Abschied von Lutz und Tina Damerow,https://akg-kiel.de/abschied-von-lutz-und-tina-damerow,WordPress REST + Sitemap,2022-09-02,2022-09-02,nein,archivieren,WordPress-Backup gemäß AKG-70; kein öffentlicher Redirect vorgesehen,noah.zepner@akg-kiel.de (Projektleitung/Koordination),AKG-53: redaktionelle Sammelentscheidung,Ausnahme nur bei begründetem aktuellem Bedarf; ohne Rückmeldung keine Migration,2026-10-02
3,Beitrag,Advent 2020 täglich um 20:20 Uhr,https://akg-kiel.de/advent2020,WordPress REST + Sitemap,2020-11-29,2020-11-30,nein,archivieren,WordPress-Backup gemäß AKG-70; kein öffentlicher Redirect vorgesehen,noah.zepner@akg-kiel.de (Projektleitung/Koordination),AKG-53: redaktionelle Sammelentscheidung,Ausnahme nur bei begründetem aktuellem Bedarf; ohne Rückmeldung keine Migration,2026-10-02
3,Beitrag,Adventsfreizeit 2023 – ein Bericht,https://akg-kiel.de/adventsfreizeit-2023-ein-bericht,WordPress REST + Sitemap,2023-12-25,2024-01-01,nein,archivieren,WordPress-Backup gemäß AKG-70; kein öffentlicher Redirect vorgesehen,noah.zepner@akg-kiel.de (Projektleitung/Koordination),AKG-53: redaktionelle Sammelentscheidung,Ausnahme nur bei begründetem aktuellem Bedarf; ohne Rückmeldung keine Migration,2026-10-02
3,Beitrag,Adventslieder singen in der Petruskirche,https://akg-kiel.de/adventslieder-singen-in-der-petruskirche,WordPress REST + Sitemap,2025-02-19,2025-12-21,nein,archivieren,WordPress-Backup gemäß AKG-70; kein öffentlicher Redirect vorgesehen,noah.zepner@akg-kiel.de (Projektleitung/Koordination),AKG-53: redaktionelle Sammelentscheidung,Ausnahme nur bei begründetem aktuellem Bedarf; ohne Rückmeldung keine Migration,2026-10-02
3,Beitrag,Ahrensburger Kammerorchester,https://akg-kiel.de/ahrensburger-kammerorchester,WordPress REST + Sitemap,2022-06-11,2023-06-16,nein,extern verlinken,https://konzerte-petruskirche.de/programm/archiv,noah.zepner@akg-kiel.de (Projektleitung/Koordination),Website Konzerte + AKG-69,Einzelziel nur bei vorhandenem Archivdatensatz; sonst Archivübersicht,2027-02-19
3,Beitrag,Ahrensburger Kammerorchester,https://akg-kiel.de/ahrensburger-kammerorchester-2,WordPress REST + Sitemap,2024-06-15,2025-06-16,nein,extern verlinken,https://konzerte-petruskirche.de/programm/archiv,noah.zepner@akg-kiel.de (Projektleitung/Koordination),Website Konzerte + AKG-69,Einzelziel nur bei vorhandenem Archivdatensatz; sonst Archivübersicht,2027-02-19
3,Beitrag,Albrecht Mayer,https://akg-kiel.de/albrecht-mayer,WordPress REST + Sitemap,2022-08-16,2023-08-18,nein,extern verlinken,https://konzerte-petruskirche.de/programm/archiv,noah.zepner@akg-kiel.de (Projektleitung/Koordination),Website Konzerte + AKG-69,Einzelziel nur bei vorhandenem Archivdatensatz; sonst Archivübersicht,2027-02-19
3,Beitrag,ALTE BEKANNTE,https://akg-kiel.de/alte-bekannte,WordPress REST + Sitemap,2022-12-01,2023-12-05,nein,extern verlinken,https://konzerte-petruskirche.de/programm/archiv,noah.zepner@akg-kiel.de (Projektleitung/Koordination),Website Konzerte + AKG-69,Einzelziel nur bei vorhandenem Archivdatensatz; sonst Archivübersicht,2027-02-19
3,Beitrag,alte bekannte,https://akg-kiel.de/alte-bekannte-2,WordPress REST + Sitemap,2025-01-23,2026-01-24,nein,extern verlinken,https://konzerte-petruskirche.de/programm/archiv,noah.zepner@akg-kiel.de (Projektleitung/Koordination),Website Konzerte + AKG-69,Einzelziel nur bei vorhandenem Archivdatensatz; sonst Archivübersicht,2027-02-19
3,Beitrag,Alte Bekannte – Nix geht über LIVE!,https://akg-kiel.de/alte-bekannte-nix-geht-ueber-live,WordPress REST + Sitemap,2023-12-14,2024-12-21,nein,extern verlinken,https://konzerte-petruskirche.de/programm/archiv,noah.zepner@akg-kiel.de (Projektleitung/Koordination),Website Konzerte + AKG-69,Einzelziel nur bei vorhandenem Archivdatensatz; sonst Archivübersicht,2027-02-19
3,Beitrag,Angelika Milster,https://akg-kiel.de/angelika-milster,WordPress REST + Sitemap,2023-01-06,2024-01-08,nein,extern verlinken,https://konzerte-petruskirche.de/programm/archiv,noah.zepner@akg-kiel.de (Projektleitung/Koordination),Website Konzerte + AKG-69,Einzelziel nur bei vorhandenem Archivdatensatz; sonst Archivübersicht,2027-02-19
3,Beitrag,Anime-Soundtracks,https://akg-kiel.de/anime-soundtracks,WordPress REST + Sitemap,2024-10-31,2026-01-24,nein,extern verlinken,https://konzerte-petruskirche.de/programm/archiv,noah.zepner@akg-kiel.de (Projektleitung/Koordination),Website Konzerte + AKG-69,Einzelziel nur bei vorhandenem Archivdatensatz; sonst Archivübersicht,2027-02-19
3,Beitrag,Anmeldung zu Veranstaltungen,https://akg-kiel.de/anmeldung-zu-veranstaltungen,WordPress REST + Sitemap,2020-11-03,2021-07-01,nein,archivieren,WordPress-Backup gemäß AKG-70; kein öffentlicher Redirect vorgesehen,noah.zepner@akg-kiel.de (Projektleitung/Koordination),AKG-53: redaktionelle Sammelentscheidung,Ausnahme nur bei begründetem aktuellem Bedarf; ohne Rückmeldung keine Migration,2026-10-02
3,Beitrag,Apostelfrühstück 19.8.26,https://akg-kiel.de/apostelfruehstueck-19-8-26,WordPress REST + Sitemap,2026-08-19,2026-08-19,nein,archivieren,WordPress-Backup gemäß AKG-70; kein öffentlicher Redirect vorgesehen,noah.zepner@akg-kiel.de (Projektleitung/Koordination),AKG-53: redaktionelle Sammelentscheidung,Ausnahme nur bei begründetem aktuellem Bedarf; ohne Rückmeldung keine Migration,2026-10-02
3,Beitrag,Arbeit neu aufgenommen,https://akg-kiel.de/arbeit-neu-aufgenommen,WordPress REST + Sitemap,2022-10-08,2024-01-08,nein,archivieren,WordPress-Backup gemäß AKG-70; kein öffentlicher Redirect vorgesehen,noah.zepner@akg-kiel.de (Projektleitung/Koordination),AKG-53: redaktionelle Sammelentscheidung,Ausnahme nur bei begründetem aktuellem Bedarf; ohne Rückmeldung keine Migration,2026-10-02
3,Beitrag,Armenspeisung 2026,https://akg-kiel.de/armenspeisung-2026,WordPress REST + Sitemap,2026-07-14,2026-07-14,nein,archivieren,WordPress-Backup gemäß AKG-70; kein öffentlicher Redirect vorgesehen,noah.zepner@akg-kiel.de (Projektleitung/Koordination),AKG-53: redaktionelle Sammelentscheidung,Ausnahme nur bei begründetem aktuellem Bedarf; ohne Rückmeldung keine Migration,2026-10-02
3,Beitrag,Avi Avital,https://akg-kiel.de/avi-avital,WordPress REST + Sitemap,2024-08-04,2025-02-28,nein,extern verlinken,https://konzerte-petruskirche.de/programm/archiv,noah.zepner@akg-kiel.de (Projektleitung/Koordination),Website Konzerte + AKG-69,Einzelziel nur bei vorhandenem Archivdatensatz; sonst Archivübersicht,2027-02-19
3,Beitrag,Bach-Konzert,https://akg-kiel.de/bach-konzert,WordPress REST + Sitemap,2023-02-09,2024-02-14,nein,extern verlinken,https://konzerte-petruskirche.de/programm/archiv,noah.zepner@akg-kiel.de (Projektleitung/Koordination),Website Konzerte + AKG-69,Einzelziel nur bei vorhandenem Archivdatensatz; sonst Archivübersicht,2027-02-19
3,Beitrag,Bachs Weihnachtsoratorium in Kiel,https://akg-kiel.de/bachs-weihnachtsoratorium-in-kiel,WordPress REST + Sitemap,2022-12-10,2023-12-13,nein,extern verlinken,https://konzerte-petruskirche.de/programm/archiv,noah.zepner@akg-kiel.de (Projektleitung/Koordination),Website Konzerte + AKG-69,Einzelziel nur bei vorhandenem Archivdatensatz; sonst Archivübersicht,2027-02-19
3,Beitrag,Begrüßungsabend für neue Menschen in der Gemeinde,https://akg-kiel.de/begruessungsabend-fuer-neue-menschen-in-der-gemeinde,WordPress REST + Sitemap,2024-04-21,2025-06-10,nein,archivieren,WordPress-Backup gemäß AKG-70; kein öffentlicher Redirect vorgesehen,noah.zepner@akg-kiel.de (Projektleitung/Koordination),AKG-53: redaktionelle Sammelentscheidung,Ausnahme nur bei begründetem aktuellem Bedarf; ohne Rückmeldung keine Migration,2026-10-02
3,Beitrag,Benefit-Konzert-Ukraine,https://akg-kiel.de/benefit-konzert-ukraine,WordPress REST + Sitemap,2021-06-10,2022-06-13,nein,extern verlinken,https://konzerte-petruskirche.de/programm/archiv,noah.zepner@akg-kiel.de (Projektleitung/Koordination),Website Konzerte + AKG-69,Einzelziel nur bei vorhandenem Archivdatensatz; sonst Archivübersicht,2027-02-19
3,Beitrag,Benefitz-Konzert,https://akg-kiel.de/benefitz-konzert-20730-2,WordPress REST + Sitemap,2021-09-21,2022-09-27,nein,extern verlinken,https://konzerte-petruskirche.de/programm/archiv,noah.zepner@akg-kiel.de (Projektleitung/Koordination),Website Konzerte + AKG-69,Einzelziel nur bei vorhandenem Archivdatensatz; sonst Archivübersicht,2027-02-19
3,Beitrag,benefiz-ukraine,https://akg-kiel.de/benefiz-ukraine,WordPress REST + Sitemap,2022-02-25,2023-02-28,nein,extern verlinken,https://konzerte-petruskirche.de/programm/archiv,noah.zepner@akg-kiel.de (Projektleitung/Koordination),Website Konzerte + AKG-69,Einzelziel nur bei vorhandenem Archivdatensatz; sonst Archivübersicht,2027-02-19
3,Beitrag,Benezfit-Konzert,https://akg-kiel.de/benezfit-konzert,WordPress REST + Sitemap,2021-05-28,2022-06-13,nein,extern verlinken,https://konzerte-petruskirche.de/programm/archiv,noah.zepner@akg-kiel.de (Projektleitung/Koordination),Website Konzerte + AKG-69,Einzelziel nur bei vorhandenem Archivdatensatz; sonst Archivübersicht,2027-02-19
3,Beitrag,Bericht aus der Partnerschaftsarbeit 1/23,https://akg-kiel.de/bericht-aus-der-partnerschaftsarbeit-1-23,WordPress REST + Sitemap,2023-01-11,2023-09-10,nein,archivieren,WordPress-Backup gemäß AKG-70; kein öffentlicher Redirect vorgesehen,noah.zepner@akg-kiel.de (Projektleitung/Koordination),AKG-53: redaktionelle Sammelentscheidung,Ausnahme nur bei begründetem aktuellem Bedarf; ohne Rückmeldung keine Migration,2026-10-02
3,Beitrag,Bericht vom Seniorenausflug am 31. Mai 2023,https://akg-kiel.de/bericht-vom-seniorenausflug-am-31-mai-2023,WordPress REST + Sitemap,2023-06-19,2023-06-22,nein,archivieren,WordPress-Backup gemäß AKG-70; kein öffentlicher Redirect vorgesehen,noah.zepner@akg-kiel.de (Projektleitung/Koordination),AKG-53: redaktionelle Sammelentscheidung,Ausnahme nur bei begründetem aktuellem Bedarf; ohne Rückmeldung keine Migration,2026-10-02
3,Beitrag,Bericht vom Sponsorenlauf am 11.06.2022,https://akg-kiel.de/bericht-vom-sponsorenlauf-am-11-06-2022,WordPress REST + Sitemap,2022-06-26,2022-06-26,nein,archivieren,WordPress-Backup gemäß AKG-70; kein öffentlicher Redirect vorgesehen,noah.zepner@akg-kiel.de (Projektleitung/Koordination),AKG-53: redaktionelle Sammelentscheidung,Ausnahme nur bei begründetem aktuellem Bedarf; ohne Rückmeldung keine Migration,2026-10-02
3,Beitrag,Bericht von der Konfi-Fahrt,https://akg-kiel.de/bericht-von-der-konfi-fahrt,WordPress REST + Sitemap,2022-03-25,2022-06-09,nein,archivieren,WordPress-Backup gemäß AKG-70; kein öffentlicher Redirect vorgesehen,noah.zepner@akg-kiel.de (Projektleitung/Koordination),AKG-53: redaktionelle Sammelentscheidung,Ausnahme nur bei begründetem aktuellem Bedarf; ohne Rückmeldung keine Migration,2026-10-02
3,Beitrag,BEST OF HARLEM GOSPEL,https://akg-kiel.de/best-of-harlem-gospel,WordPress REST + Sitemap,2024-01-16,2025-01-19,nein,extern verlinken,https://konzerte-petruskirche.de/programm/archiv,noah.zepner@akg-kiel.de (Projektleitung/Koordination),Website Konzerte + AKG-69,Einzelziel nur bei vorhandenem Archivdatensatz; sonst Archivübersicht,2027-02-19
3,Beitrag,Besuch im Mai 2023,https://akg-kiel.de/besuch-im-mai-2023,WordPress REST + Sitemap,2023-06-07,2023-08-16,nein,archivieren,WordPress-Backup gemäß AKG-70; kein öffentlicher Redirect vorgesehen,noah.zepner@akg-kiel.de (Projektleitung/Koordination),AKG-53: redaktionelle Sammelentscheidung,Ausnahme nur bei begründetem aktuellem Bedarf; ohne Rückmeldung keine Migration,2026-10-02
3,Beitrag,Besuch in Kiel vom 2.-16. September 2016,https://akg-kiel.de/besuch-in-kiel-vom-2-16-september-2016,WordPress REST + Sitemap,2016-08-20,2025-04-02,nein,archivieren,WordPress-Backup gemäß AKG-70; kein öffentlicher Redirect vorgesehen,noah.zepner@akg-kiel.de (Projektleitung/Koordination),AKG-53: redaktionelle Sammelentscheidung,Ausnahme nur bei begründetem aktuellem Bedarf; ohne Rückmeldung keine Migration,2026-10-02
3,Beitrag,Besuchsbericht September 2016,https://akg-kiel.de/besuchsbericht-september-2016,WordPress REST + Sitemap,2016-09-30,2019-10-09,nein,archivieren,WordPress-Backup gemäß AKG-70; kein öffentlicher Redirect vorgesehen,noah.zepner@akg-kiel.de (Projektleitung/Koordination),AKG-53: redaktionelle Sammelentscheidung,Ausnahme nur bei begründetem aktuellem Bedarf; ohne Rückmeldung keine Migration,2026-10-02
3,Beitrag,Bläserphilharmonie Kiel,https://akg-kiel.de/blaeserphilharmonie-kiel,WordPress REST + Sitemap,2023-12-07,2024-12-11,nein,extern verlinken,https://konzerte-petruskirche.de/programm/archiv,noah.zepner@akg-kiel.de (Projektleitung/Koordination),Website Konzerte + AKG-69,Einzelziel nur bei vorhandenem Archivdatensatz; sonst Archivübersicht,2027-02-19
3,Beitrag,Blues Soul und Gospel mit Jessy Martens,https://akg-kiel.de/blues-soul-und-gospel-mit-jessy-martens,WordPress REST + Sitemap,2022-07-17,2022-07-27,nein,extern verlinken,https://konzerte-petruskirche.de/programm/archiv,noah.zepner@akg-kiel.de (Projektleitung/Koordination),Website Konzerte + AKG-69,Einzelziel nur bei vorhandenem Archivdatensatz; sonst Archivübersicht,2027-02-19
3,Beitrag,Brahms-Nacht,https://akg-kiel.de/brahms-nacht,WordPress REST + Sitemap,2021-08-11,2022-11-10,nein,extern verlinken,https://konzerte-petruskirche.de/programm/archiv,noah.zepner@akg-kiel.de (Projektleitung/Koordination),Website Konzerte + AKG-69,Einzelziel nur bei vorhandenem Archivdatensatz; sonst Archivübersicht,2027-02-19
3,Beitrag,Brief Juli 2017,https://akg-kiel.de/brief-juli-2017,WordPress REST + Sitemap,2017-07-18,2019-09-18,nein,archivieren,WordPress-Backup gemäß AKG-70; kein öffentlicher Redirect vorgesehen,noah.zepner@akg-kiel.de (Projektleitung/Koordination),AKG-53: redaktionelle Sammelentscheidung,Ausnahme nur bei begründetem aktuellem Bedarf; ohne Rückmeldung keine Migration,2026-10-02
3,Beitrag,Brückenkonzert,https://akg-kiel.de/brueckenkonzert,WordPress REST + Sitemap,2022-03-25,2023-03-27,nein,extern verlinken,https://konzerte-petruskirche.de/programm/archiv,noah.zepner@akg-kiel.de (Projektleitung/Koordination),Website Konzerte + AKG-69,Einzelziel nur bei vorhandenem Archivdatensatz; sonst Archivübersicht,2027-02-19
3,Beitrag,Brückenzeit mit Milal,https://akg-kiel.de/brueckenzeit-mit-milal,WordPress REST + Sitemap,2023-06-19,2023-07-26,nein,archivieren,WordPress-Backup gemäß AKG-70; kein öffentlicher Redirect vorgesehen,noah.zepner@akg-kiel.de (Projektleitung/Koordination),AKG-53: redaktionelle Sammelentscheidung,Ausnahme nur bei begründetem aktuellem Bedarf; ohne Rückmeldung keine Migration,2026-10-02
3,Beitrag,Central Park,https://akg-kiel.de/central-park,WordPress REST + Sitemap,2022-04-23,2023-04-24,nein,extern verlinken,https://konzerte-petruskirche.de/programm/archiv,noah.zepner@akg-kiel.de (Projektleitung/Koordination),Website Konzerte + AKG-69,Einzelziel nur bei vorhandenem Archivdatensatz; sonst Archivübersicht,2027-02-19
3,Beitrag,Central-Park,https://akg-kiel.de/central-park-2,WordPress REST + Sitemap,2023-03-17,2024-03-25,nein,extern verlinken,https://konzerte-petruskirche.de/programm/archiv,noah.zepner@akg-kiel.de (Projektleitung/Koordination),Website Konzerte + AKG-69,Einzelziel nur bei vorhandenem Archivdatensatz; sonst Archivübersicht,2027-02-19
3,Beitrag,Chaotic Resemblance,https://akg-kiel.de/chaotic-resemblance,WordPress REST + Sitemap,2024-05-19,2025-05-20,nein,extern verlinken,https://konzerte-petruskirche.de/programm/archiv,noah.zepner@akg-kiel.de (Projektleitung/Koordination),Website Konzerte + AKG-69,Einzelziel nur bei vorhandenem Archivdatensatz; sonst Archivübersicht,2027-02-19
3,Beitrag,Chöre des EBG,https://akg-kiel.de/choere-des-ebg,WordPress REST + Sitemap,2023-06-01,2024-06-03,nein,extern verlinken,https://konzerte-petruskirche.de/programm/archiv,noah.zepner@akg-kiel.de (Projektleitung/Koordination),Website Konzerte + AKG-69,Einzelziel nur bei vorhandenem Archivdatensatz; sonst Archivübersicht,2027-02-19
3,Beitrag,Chöre in Apostel,https://akg-kiel.de/choere-in-apostel,WordPress REST + Sitemap,2023-09-07,2023-12-12,nein,archivieren,WordPress-Backup gemäß AKG-70; kein öffentlicher Redirect vorgesehen,noah.zepner@akg-kiel.de (Projektleitung/Koordination),AKG-53: redaktionelle Sammelentscheidung,Ausnahme nur bei begründetem aktuellem Bedarf; ohne Rückmeldung keine Migration,2026-10-02
3,Beitrag,Christival22,https://akg-kiel.de/christival22,WordPress REST + Sitemap,2022-06-07,2022-08-08,nein,archivieren,WordPress-Backup gemäß AKG-70; kein öffentlicher Redirect vorgesehen,noah.zepner@akg-kiel.de (Projektleitung/Koordination),AKG-53: redaktionelle Sammelentscheidung,Ausnahme nur bei begründetem aktuellem Bedarf; ohne Rückmeldung keine Migration,2026-10-02
3,Beitrag,Co-Working – Gemeinsam vorwärts!,https://akg-kiel.de/co-working-gemeinsam-vorwaerts,WordPress REST + Sitemap,2023-03-12,2023-09-30,nein,archivieren,WordPress-Backup gemäß AKG-70; kein öffentlicher Redirect vorgesehen,noah.zepner@akg-kiel.de (Projektleitung/Koordination),AKG-53: redaktionelle Sammelentscheidung,Ausnahme nur bei begründetem aktuellem Bedarf; ohne Rückmeldung keine Migration,2026-10-02
3,Beitrag,Dank für Spielzeug und Spende für Kanzel,https://akg-kiel.de/dank-fuer-spielzeug-und-spende-fuer-kanzel,WordPress REST + Sitemap,2014-06-09,2019-10-09,nein,archivieren,WordPress-Backup gemäß AKG-70; kein öffentlicher Redirect vorgesehen,noah.zepner@akg-kiel.de (Projektleitung/Koordination),AKG-53: redaktionelle Sammelentscheidung,Ausnahme nur bei begründetem aktuellem Bedarf; ohne Rückmeldung keine Migration,2026-10-02
3,Beitrag,"Danke, Anne",https://akg-kiel.de/danke-anne,WordPress REST + Sitemap,2020-05-17,2024-01-08,nein,archivieren,WordPress-Backup gemäß AKG-70; kein öffentlicher Redirect vorgesehen,noah.zepner@akg-kiel.de (Projektleitung/Koordination),AKG-53: redaktionelle Sammelentscheidung,Ausnahme nur bei begründetem aktuellem Bedarf; ohne Rückmeldung keine Migration,2026-10-02
3,Beitrag,Dark Tenor,https://akg-kiel.de/dark-tenor,WordPress REST + Sitemap,2024-01-05,2025-01-19,nein,extern verlinken,https://konzerte-petruskirche.de/programm/archiv,noah.zepner@akg-kiel.de (Projektleitung/Koordination),Website Konzerte + AKG-69,Einzelziel nur bei vorhandenem Archivdatensatz; sonst Archivübersicht,2027-02-19
3,Beitrag,Dark Tenor – Winterzauber,https://akg-kiel.de/dark-tenor-winterzauber,WordPress REST + Sitemap,2024-12-04,2026-01-24,nein,extern verlinken,https://konzerte-petruskirche.de/programm/archiv,noah.zepner@akg-kiel.de (Projektleitung/Koordination),Website Konzerte + AKG-69,Einzelziel nur bei vorhandenem Archivdatensatz; sonst Archivübersicht,2027-02-19
3,Beitrag,Das besondere Laternefest,https://akg-kiel.de/das-besondere-laternefest,WordPress REST + Sitemap,2022-10-20,2023-11-09,nein,archivieren,WordPress-Backup gemäß AKG-70; kein öffentlicher Redirect vorgesehen,noah.zepner@akg-kiel.de (Projektleitung/Koordination),AKG-53: redaktionelle Sammelentscheidung,Ausnahme nur bei begründetem aktuellem Bedarf; ohne Rückmeldung keine Migration,2026-10-02
3,Beitrag,Das besondere Laternefest 2022,https://akg-kiel.de/das-besondere-laternefest-2022,WordPress REST + Sitemap,2022-11-17,2022-11-17,nein,archivieren,WordPress-Backup gemäß AKG-70; kein öffentlicher Redirect vorgesehen,noah.zepner@akg-kiel.de (Projektleitung/Koordination),AKG-53: redaktionelle Sammelentscheidung,Ausnahme nur bei begründetem aktuellem Bedarf; ohne Rückmeldung keine Migration,2026-10-02
3,Beitrag,Das festliche Weihnachtskonzert mit Deborah Sasson,https://akg-kiel.de/das-festliche-weihnachtskonzert-mit-deborah-sasson,WordPress REST + Sitemap,2022-12-12,2023-12-13,nein,extern verlinken,https://konzerte-petruskirche.de/programm/archiv,noah.zepner@akg-kiel.de (Projektleitung/Koordination),Website Konzerte + AKG-69,Einzelziel nur bei vorhandenem Archivdatensatz; sonst Archivübersicht,2027-02-19
3,Beitrag,Das Gospelensemble VocalLights,https://akg-kiel.de/das-gospelensemble-vocallights,WordPress REST + Sitemap,2021-12-13,2022-12-16,nein,extern verlinken,https://konzerte-petruskirche.de/programm/archiv,noah.zepner@akg-kiel.de (Projektleitung/Koordination),Website Konzerte + AKG-69,Einzelziel nur bei vorhandenem Archivdatensatz; sonst Archivübersicht,2027-02-19
3,Beitrag,Das Mitmachkonzert für Kinder ab 6 Jahren.,https://akg-kiel.de/das-mitmachkonzert-fuer-kinder-ab-6-jahren,WordPress REST + Sitemap,2022-02-11,2023-02-13,nein,extern verlinken,https://konzerte-petruskirche.de/programm/archiv,noah.zepner@akg-kiel.de (Projektleitung/Koordination),Website Konzerte + AKG-69,Einzelziel nur bei vorhandenem Archivdatensatz; sonst Archivübersicht,2027-02-19
3,Beitrag,Der Geist der Weihnacht,https://akg-kiel.de/der-geist-der-weihnacht,WordPress REST + Sitemap,2021-12-17,2022-12-21,nein,extern verlinken,https://konzerte-petruskirche.de/programm/archiv,noah.zepner@akg-kiel.de (Projektleitung/Koordination),Website Konzerte + AKG-69,Einzelziel nur bei vorhandenem Archivdatensatz; sonst Archivübersicht,2027-02-19
3,Beitrag,Der Kirchenbau schreitet voran!,https://akg-kiel.de/der-kirchenbau-schreitet-voran,WordPress REST + Sitemap,2019-06-01,2021-08-25,nein,archivieren,WordPress-Backup gemäß AKG-70; kein öffentlicher Redirect vorgesehen,noah.zepner@akg-kiel.de (Projektleitung/Koordination),AKG-53: redaktionelle Sammelentscheidung,Ausnahme nur bei begründetem aktuellem Bedarf; ohne Rückmeldung keine Migration,2026-10-02
3,Beitrag,Der Stand der Dinge:,https://akg-kiel.de/der-stand-der-dinge,WordPress REST + Sitemap,2013-07-09,2019-10-09,nein,archivieren,WordPress-Backup gemäß AKG-70; kein öffentlicher Redirect vorgesehen,noah.zepner@akg-kiel.de (Projektleitung/Koordination),AKG-53: redaktionelle Sammelentscheidung,Ausnahme nur bei begründetem aktuellem Bedarf; ohne Rückmeldung keine Migration,2026-10-02
3,Beitrag,Die Himmlische Nacht der Tenöre,https://akg-kiel.de/die-himmlische-nacht-der-tenoere,WordPress REST + Sitemap,2022-02-23,2023-02-24,nein,extern verlinken,https://konzerte-petruskirche.de/programm/archiv,noah.zepner@akg-kiel.de (Projektleitung/Koordination),Website Konzerte + AKG-69,Einzelziel nur bei vorhandenem Archivdatensatz; sonst Archivübersicht,2027-02-19
3,Beitrag,Die Himmlische Nacht der Tenöre 2025,https://akg-kiel.de/die-himmlische-nacht-der-tenoere-2,WordPress REST + Sitemap,2024-01-24,2025-01-28,nein,extern verlinken,https://konzerte-petruskirche.de/programm/archiv,noah.zepner@akg-kiel.de (Projektleitung/Koordination),Website Konzerte + AKG-69,Einzelziel nur bei vorhandenem Archivdatensatz; sonst Archivübersicht,2027-02-19
3,Beitrag,Die Passion 2026,https://akg-kiel.de/die-passion-2026,WordPress REST + Sitemap,2025-03-22,2026-08-27,nein,extern verlinken,https://konzerte-petruskirche.de/programm/archiv,noah.zepner@akg-kiel.de (Projektleitung/Koordination),Website Konzerte + AKG-69,Einzelziel nur bei vorhandenem Archivdatensatz; sonst Archivübersicht,2027-02-19
3,Beitrag,Die Pfadfinder brauchen Dich,https://akg-kiel.de/die-pfadfinder-brauchen-dich,WordPress REST + Sitemap,2023-04-12,2023-04-23,nein,archivieren,WordPress-Backup gemäß AKG-70; kein öffentlicher Redirect vorgesehen,noah.zepner@akg-kiel.de (Projektleitung/Koordination),AKG-53: redaktionelle Sammelentscheidung,Ausnahme nur bei begründetem aktuellem Bedarf; ohne Rückmeldung keine Migration,2026-10-02
3,Beitrag,Die Vier Jahreszeiten,https://akg-kiel.de/die-vier-jahreszeiten,WordPress REST + Sitemap,2022-04-15,2023-04-22,nein,extern verlinken,https://konzerte-petruskirche.de/programm/archiv,noah.zepner@akg-kiel.de (Projektleitung/Koordination),Website Konzerte + AKG-69,Einzelziel nur bei vorhandenem Archivdatensatz; sonst Archivübersicht,2027-02-19
3,Beitrag,Die vier Jahreszeiten,https://akg-kiel.de/die-vier-jahreszeiten-2,WordPress REST + Sitemap,2023-05-31,2024-06-03,nein,extern verlinken,https://konzerte-petruskirche.de/programm/archiv,noah.zepner@akg-kiel.de (Projektleitung/Koordination),Website Konzerte + AKG-69,Einzelziel nur bei vorhandenem Archivdatensatz; sonst Archivübersicht,2027-02-19
3,Beitrag,Die wunderbare Welt des Kinos,https://akg-kiel.de/die-wunderbare-welt-des-kinos,WordPress REST + Sitemap,2024-01-17,2025-01-19,nein,extern verlinken,https://konzerte-petruskirche.de/programm/archiv,noah.zepner@akg-kiel.de (Projektleitung/Koordination),Website Konzerte + AKG-69,Einzelziel nur bei vorhandenem Archivdatensatz; sonst Archivübersicht,2027-02-19
3,Beitrag,Dominique Horwitz,https://akg-kiel.de/dominique-horwitz,WordPress REST + Sitemap,2021-07-31,2022-11-10,nein,extern verlinken,https://konzerte-petruskirche.de/programm/archiv,noah.zepner@akg-kiel.de (Projektleitung/Koordination),Website Konzerte + AKG-69,Einzelziel nur bei vorhandenem Archivdatensatz; sonst Archivübersicht,2027-02-19
3,Beitrag,EBG Chorkonzert,https://akg-kiel.de/ebg-chorkonzert,WordPress REST + Sitemap,2024-06-05,2025-06-11,nein,extern verlinken,https://konzerte-petruskirche.de/programm/archiv,noah.zepner@akg-kiel.de (Projektleitung/Koordination),Website Konzerte + AKG-69,Einzelziel nur bei vorhandenem Archivdatensatz; sonst Archivübersicht,2027-02-19
3,Beitrag,EBG Shakespeare,https://akg-kiel.de/ebg-shakespeare,WordPress REST + Sitemap,2022-06-04,2023-06-05,nein,extern verlinken,https://konzerte-petruskirche.de/programm/archiv,noah.zepner@akg-kiel.de (Projektleitung/Koordination),Website Konzerte + AKG-69,Einzelziel nur bei vorhandenem Archivdatensatz; sonst Archivübersicht,2027-02-19
3,Beitrag,EBG Sinfoniekonzert at the movies,https://akg-kiel.de/ebg-sinfoniekonzert-at-the-movies,WordPress REST + Sitemap,2022-06-17,2023-06-20,nein,extern verlinken,https://konzerte-petruskirche.de/programm/archiv,noah.zepner@akg-kiel.de (Projektleitung/Koordination),Website Konzerte + AKG-69,Einzelziel nur bei vorhandenem Archivdatensatz; sonst Archivübersicht,2027-02-19
3,Beitrag,EBG Sonfoniekonzert,https://akg-kiel.de/ebg-sonfoniekonzert,WordPress REST + Sitemap,2022-11-11,2023-11-16,nein,extern verlinken,https://konzerte-petruskirche.de/programm/archiv,noah.zepner@akg-kiel.de (Projektleitung/Koordination),Website Konzerte + AKG-69,Einzelziel nur bei vorhandenem Archivdatensatz; sonst Archivübersicht,2027-02-19
3,Beitrag,Ein halbes Jahr für Gott,https://akg-kiel.de/ein-halbes-jahr-fuer-gott,WordPress REST + Sitemap,2023-02-15,2023-07-29,nein,archivieren,WordPress-Backup gemäß AKG-70; kein öffentlicher Redirect vorgesehen,noah.zepner@akg-kiel.de (Projektleitung/Koordination),AKG-53: redaktionelle Sammelentscheidung,Ausnahme nur bei begründetem aktuellem Bedarf; ohne Rückmeldung keine Migration,2026-10-02
3,Beitrag,…eine einladende Gemeinde,https://akg-kiel.de/eine-einladende-gemeinde,WordPress REST + Sitemap,2023-05-22,2023-06-22,nein,archivieren,WordPress-Backup gemäß AKG-70; kein öffentlicher Redirect vorgesehen,noah.zepner@akg-kiel.de (Projektleitung/Koordination),AKG-53: redaktionelle Sammelentscheidung,Ausnahme nur bei begründetem aktuellem Bedarf; ohne Rückmeldung keine Migration,2026-10-02
3,Beitrag,Eine Glocke für Ngabobo,https://akg-kiel.de/eine-glocke-fuer-ngabobo,WordPress REST + Sitemap,2024-08-26,2024-09-19,nein,archivieren,WordPress-Backup gemäß AKG-70; kein öffentlicher Redirect vorgesehen,noah.zepner@akg-kiel.de (Projektleitung/Koordination),AKG-53: redaktionelle Sammelentscheidung,Ausnahme nur bei begründetem aktuellem Bedarf; ohne Rückmeldung keine Migration,2026-10-02
3,Beitrag,Eine Nähmaschine für Mama Riziki,https://akg-kiel.de/eine-naehmaschine-fuer-mama-riziki,WordPress REST + Sitemap,2021-10-04,2021-10-04,nein,archivieren,WordPress-Backup gemäß AKG-70; kein öffentlicher Redirect vorgesehen,noah.zepner@akg-kiel.de (Projektleitung/Koordination),AKG-53: redaktionelle Sammelentscheidung,Ausnahme nur bei begründetem aktuellem Bedarf; ohne Rückmeldung keine Migration,2026-10-02
3,Beitrag,Eine Nähmaschine für Mama Riziki,https://akg-kiel.de/eine-naehmaschine-fuer-mama-rizikimama-riziki,WordPress REST + Sitemap,2021-10-25,2024-01-08,nein,archivieren,WordPress-Backup gemäß AKG-70; kein öffentlicher Redirect vorgesehen,noah.zepner@akg-kiel.de (Projektleitung/Koordination),AKG-53: redaktionelle Sammelentscheidung,Ausnahme nur bei begründetem aktuellem Bedarf; ohne Rückmeldung keine Migration,2026-10-02
3,Beitrag,Einladung zum Partnerschaftsgottesdienst am 4.10.15,https://akg-kiel.de/einladung-zum-partnerschaftsgottesdienst-am-4-10-15,WordPress REST + Sitemap,2015-09-09,2019-10-09,nein,archivieren,WordPress-Backup gemäß AKG-70; kein öffentlicher Redirect vorgesehen,noah.zepner@akg-kiel.de (Projektleitung/Koordination),AKG-53: redaktionelle Sammelentscheidung,Ausnahme nur bei begründetem aktuellem Bedarf; ohne Rückmeldung keine Migration,2026-10-02
3,Beitrag,Einladung zum Partnerschaftsgottesdienst und Reisebericht,https://akg-kiel.de/einladung-zum-partnerschaftsgottesdienst-und-reisebericht,WordPress REST + Sitemap,2023-08-16,2023-10-07,nein,archivieren,WordPress-Backup gemäß AKG-70; kein öffentlicher Redirect vorgesehen,noah.zepner@akg-kiel.de (Projektleitung/Koordination),AKG-53: redaktionelle Sammelentscheidung,Ausnahme nur bei begründetem aktuellem Bedarf; ohne Rückmeldung keine Migration,2026-10-02
3,Beitrag,Einladung zur 2ten Reise,https://akg-kiel.de/einladung-zur-2ten-reise,WordPress REST + Sitemap,2017-11-10,2019-09-18,nein,archivieren,WordPress-Backup gemäß AKG-70; kein öffentlicher Redirect vorgesehen,noah.zepner@akg-kiel.de (Projektleitung/Koordination),AKG-53: redaktionelle Sammelentscheidung,Ausnahme nur bei begründetem aktuellem Bedarf; ohne Rückmeldung keine Migration,2026-10-02
3,Beitrag,Elisabeth Leonskaja,https://akg-kiel.de/elisabeth-leonskaja,WordPress REST + Sitemap,2021-08-16,2022-11-10,nein,extern verlinken,https://konzerte-petruskirche.de/programm/archiv,noah.zepner@akg-kiel.de (Projektleitung/Koordination),Website Konzerte + AKG-69,Einzelziel nur bei vorhandenem Archivdatensatz; sonst Archivübersicht,2027-02-19
3,Beitrag,erik,https://akg-kiel.de/erik,WordPress REST + Sitemap,2021-09-02,2022-09-02,nein,archivieren,WordPress-Backup gemäß AKG-70; kein öffentlicher Redirect vorgesehen,noah.zepner@akg-kiel.de (Projektleitung/Koordination),AKG-53: redaktionelle Sammelentscheidung,Ausnahme nur bei begründetem aktuellem Bedarf; ohne Rückmeldung keine Migration,2026-10-02
3,Beitrag,Ernst-Barlach-Orchester,https://akg-kiel.de/ernst-barlach-orchester,WordPress REST + Sitemap,2024-03-30,2025-04-06,nein,extern verlinken,https://konzerte-petruskirche.de/programm/archiv,noah.zepner@akg-kiel.de (Projektleitung/Koordination),Website Konzerte + AKG-69,Einzelziel nur bei vorhandenem Archivdatensatz; sonst Archivübersicht,2027-02-19
3,Beitrag,Erntedank mit Altarschmuck und Picknick,https://akg-kiel.de/erntedank-mit-altarschmuck-und-picknick,WordPress REST + Sitemap,2021-09-28,2022-10-08,nein,archivieren,WordPress-Backup gemäß AKG-70; kein öffentlicher Redirect vorgesehen,noah.zepner@akg-kiel.de (Projektleitung/Koordination),AKG-53: redaktionelle Sammelentscheidung,Ausnahme nur bei begründetem aktuellem Bedarf; ohne Rückmeldung keine Migration,2026-10-02
3,Beitrag,Erste Hilfe Kurs 2026,https://akg-kiel.de/erste-hilfe-kurs-2026,WordPress REST + Sitemap,2026-08-27,2026-08-29,nein,archivieren,WordPress-Backup gemäß AKG-70; kein öffentlicher Redirect vorgesehen,noah.zepner@akg-kiel.de (Projektleitung/Koordination),AKG-53: redaktionelle Sammelentscheidung,Ausnahme nur bei begründetem aktuellem Bedarf; ohne Rückmeldung keine Migration,2026-10-02
3,Beitrag,Fazıl Say,https://akg-kiel.de/fazil-say,WordPress REST + Sitemap,2024-08-23,2025-02-28,nein,extern verlinken,https://konzerte-petruskirche.de/programm/archiv,noah.zepner@akg-kiel.de (Projektleitung/Koordination),Website Konzerte + AKG-69,Einzelziel nur bei vorhandenem Archivdatensatz; sonst Archivübersicht,2027-02-19
3,Beitrag,Felix Mendelssohn Bartholdy Oratorium „Elias“ op. 70,https://akg-kiel.de/felix-mendelssohn-bartholdy-oratorium-elias-op-70,WordPress REST + Sitemap,2021-10-07,2022-10-11,nein,extern verlinken,https://konzerte-petruskirche.de/programm/archiv,noah.zepner@akg-kiel.de (Projektleitung/Koordination),Website Konzerte + AKG-69,Einzelziel nur bei vorhandenem Archivdatensatz; sonst Archivübersicht,2027-02-19
3,Beitrag,Felix Mendelssohn Bartholdys Erste Walpurgisnacht,https://akg-kiel.de/felix-mendelssohn-bartholdys-erste-walpurgisnacht-op-60,WordPress REST + Sitemap,2021-09-24,2022-09-27,nein,extern verlinken,https://konzerte-petruskirche.de/programm/archiv,noah.zepner@akg-kiel.de (Projektleitung/Koordination),Website Konzerte + AKG-69,Einzelziel nur bei vorhandenem Archivdatensatz; sonst Archivübersicht,2027-02-19
3,Beitrag,Die Kleingruppen sind online,https://akg-kiel.de/freizeit-in-gemeinschaft,WordPress REST + Sitemap,2023-05-18,2024-01-08,nein,archivieren,WordPress-Backup gemäß AKG-70; kein öffentlicher Redirect vorgesehen,noah.zepner@akg-kiel.de (Projektleitung/Koordination),AKG-53: redaktionelle Sammelentscheidung,Ausnahme nur bei begründetem aktuellem Bedarf; ohne Rückmeldung keine Migration,2026-10-02
3,Beitrag,Frühjahrsausflug,https://akg-kiel.de/fruehjahrsausflug,WordPress REST + Sitemap,2022-05-12,2023-06-22,nein,archivieren,WordPress-Backup gemäß AKG-70; kein öffentlicher Redirect vorgesehen,noah.zepner@akg-kiel.de (Projektleitung/Koordination),AKG-53: redaktionelle Sammelentscheidung,Ausnahme nur bei begründetem aktuellem Bedarf; ohne Rückmeldung keine Migration,2026-10-02
3,Beitrag,Frühlingskonzert,https://akg-kiel.de/fruehlingskonzert,WordPress REST + Sitemap,2023-04-25,2024-05-08,nein,extern verlinken,https://konzerte-petruskirche.de/programm/archiv,noah.zepner@akg-kiel.de (Projektleitung/Koordination),Website Konzerte + AKG-69,Einzelziel nur bei vorhandenem Archivdatensatz; sonst Archivübersicht,2027-02-19
3,Beitrag,Garten-Lobpreis-Woche (GLW),https://akg-kiel.de/garten-lobpreis-woche-glw,WordPress REST + Sitemap,2023-09-05,2023-09-06,nein,archivieren,WordPress-Backup gemäß AKG-70; kein öffentlicher Redirect vorgesehen,noah.zepner@akg-kiel.de (Projektleitung/Koordination),AKG-53: redaktionelle Sammelentscheidung,Ausnahme nur bei begründetem aktuellem Bedarf; ohne Rückmeldung keine Migration,2026-10-02
3,Beitrag,Gebet für Kimosonu – Tansania,https://akg-kiel.de/gebet-fuer-kimosonu-tansania,WordPress REST + Sitemap,2013-10-09,2019-10-09,nein,archivieren,WordPress-Backup gemäß AKG-70; kein öffentlicher Redirect vorgesehen,noah.zepner@akg-kiel.de (Projektleitung/Koordination),AKG-53: redaktionelle Sammelentscheidung,Ausnahme nur bei begründetem aktuellem Bedarf; ohne Rückmeldung keine Migration,2026-10-02
3,Beitrag,Gebete und Spenden für Kimosonu: „Ziegen“,https://akg-kiel.de/gebete-und-spenden-fuer-kimosonu-ziegen,WordPress REST + Sitemap,2017-02-09,2019-10-09,nein,archivieren,WordPress-Backup gemäß AKG-70; kein öffentlicher Redirect vorgesehen,noah.zepner@akg-kiel.de (Projektleitung/Koordination),AKG-53: redaktionelle Sammelentscheidung,Ausnahme nur bei begründetem aktuellem Bedarf; ohne Rückmeldung keine Migration,2026-10-02
3,Beitrag,Geldübergabe Ziegen 2017,https://akg-kiel.de/gelduebergabe-ziegen-2017,WordPress REST + Sitemap,2017-05-10,2019-09-18,nein,archivieren,WordPress-Backup gemäß AKG-70; kein öffentlicher Redirect vorgesehen,noah.zepner@akg-kiel.de (Projektleitung/Koordination),AKG-53: redaktionelle Sammelentscheidung,Ausnahme nur bei begründetem aktuellem Bedarf; ohne Rückmeldung keine Migration,2026-10-02
3,Beitrag,Gemeindefreizeit Boltenhagen 2023,https://akg-kiel.de/gemeindefreizeit-boltenhagen-2023,WordPress REST + Sitemap,2021-11-27,2023-01-01,nein,archivieren,WordPress-Backup gemäß AKG-70; kein öffentlicher Redirect vorgesehen,noah.zepner@akg-kiel.de (Projektleitung/Koordination),AKG-53: redaktionelle Sammelentscheidung,Ausnahme nur bei begründetem aktuellem Bedarf; ohne Rückmeldung keine Migration,2026-10-02
3,Beitrag,Gemeindefreizeit Boltenhagen 2023,https://akg-kiel.de/gemeindefreizeit-boltenhagen-2023-2,WordPress REST + Sitemap,2023-05-01,2023-05-01,nein,archivieren,WordPress-Backup gemäß AKG-70; kein öffentlicher Redirect vorgesehen,noah.zepner@akg-kiel.de (Projektleitung/Koordination),AKG-53: redaktionelle Sammelentscheidung,Ausnahme nur bei begründetem aktuellem Bedarf; ohne Rückmeldung keine Migration,2026-10-02
3,Beitrag,Gemeindefreizeit Boltenhagen 2026,https://akg-kiel.de/gemeindefreizeit-boltenhagen-2026,WordPress REST + Sitemap,2025-09-27,2025-09-27,nein,archivieren,WordPress-Backup gemäß AKG-70; kein öffentlicher Redirect vorgesehen,noah.zepner@akg-kiel.de (Projektleitung/Koordination),AKG-53: redaktionelle Sammelentscheidung,Ausnahme nur bei begründetem aktuellem Bedarf; ohne Rückmeldung keine Migration,2026-10-02
3,Beitrag,Gemeindefreizeit nach Boltenhagen,https://akg-kiel.de/gemeindefreizeit-nach-boltenhagen,WordPress REST + Sitemap,2024-10-04,2024-12-27,nein,archivieren,WordPress-Backup gemäß AKG-70; kein öffentlicher Redirect vorgesehen,noah.zepner@akg-kiel.de (Projektleitung/Koordination),AKG-53: redaktionelle Sammelentscheidung,Ausnahme nur bei begründetem aktuellem Bedarf; ohne Rückmeldung keine Migration,2026-10-02
3,Beitrag,Gemeindeinfo und Picknick,https://akg-kiel.de/gemeindeinfo-22-05,WordPress REST + Sitemap,2021-04-27,2022-05-24,nein,archivieren,WordPress-Backup gemäß AKG-70; kein öffentlicher Redirect vorgesehen,noah.zepner@akg-kiel.de (Projektleitung/Koordination),AKG-53: redaktionelle Sammelentscheidung,Ausnahme nur bei begründetem aktuellem Bedarf; ohne Rückmeldung keine Migration,2026-10-02
3,Beitrag,Gemeinsam Kanufahren,https://akg-kiel.de/gemeinsam-kanufahren,WordPress REST + Sitemap,2022-05-19,2023-06-15,nein,archivieren,WordPress-Backup gemäß AKG-70; kein öffentlicher Redirect vorgesehen,noah.zepner@akg-kiel.de (Projektleitung/Koordination),AKG-53: redaktionelle Sammelentscheidung,Ausnahme nur bei begründetem aktuellem Bedarf; ohne Rückmeldung keine Migration,2026-10-02
3,Beitrag,Gemeinsame Gottesdienste in der Pfarr-Region,https://akg-kiel.de/gemeinsame-gottesdienste-in-der-pfarr-region,WordPress REST + Sitemap,2021-05-23,2022-05-28,nein,archivieren,WordPress-Backup gemäß AKG-70; kein öffentlicher Redirect vorgesehen,noah.zepner@akg-kiel.de (Projektleitung/Koordination),AKG-53: redaktionelle Sammelentscheidung,Ausnahme nur bei begründetem aktuellem Bedarf; ohne Rückmeldung keine Migration,2026-10-02
3,Beitrag,Gloria in excelsis,https://akg-kiel.de/gloria-in-excelsis,WordPress REST + Sitemap,2023-02-03,2024-02-06,nein,extern verlinken,https://konzerte-petruskirche.de/programm/archiv,noah.zepner@akg-kiel.de (Projektleitung/Koordination),Website Konzerte + AKG-69,Einzelziel nur bei vorhandenem Archivdatensatz; sonst Archivübersicht,2027-02-19
3,Beitrag,Godewind,https://akg-kiel.de/godewind,WordPress REST + Sitemap,2021-12-21,2022-12-23,nein,extern verlinken,https://konzerte-petruskirche.de/programm/archiv,noah.zepner@akg-kiel.de (Projektleitung/Koordination),Website Konzerte + AKG-69,Einzelziel nur bei vorhandenem Archivdatensatz; sonst Archivübersicht,2027-02-19
3,Beitrag,GoDi Heilen Gegenwart,https://akg-kiel.de/godi-heilen-gegenwart,WordPress REST + Sitemap,2022-06-06,2023-07-02,nein,archivieren,WordPress-Backup gemäß AKG-70; kein öffentlicher Redirect vorgesehen,noah.zepner@akg-kiel.de (Projektleitung/Koordination),AKG-53: redaktionelle Sammelentscheidung,Ausnahme nur bei begründetem aktuellem Bedarf; ohne Rückmeldung keine Migration,2026-10-02
3,Beitrag,Good Friday and Easter greeting message from pastor Kweka in Kimosonu,https://akg-kiel.de/good-friday-and-easter-greeting-message-from-pastor-kweka-in-kimosonu,WordPress REST + Sitemap,2017-03-30,2019-10-09,nein,archivieren,WordPress-Backup gemäß AKG-70; kein öffentlicher Redirect vorgesehen,noah.zepner@akg-kiel.de (Projektleitung/Koordination),AKG-53: redaktionelle Sammelentscheidung,Ausnahme nur bei begründetem aktuellem Bedarf; ohne Rückmeldung keine Migration,2026-10-02
3,Beitrag,Gottesdienst mit Open Doors,https://akg-kiel.de/gottesdienst-mit-open-doors,WordPress REST + Sitemap,2021-10-30,2022-11-06,nein,archivieren,WordPress-Backup gemäß AKG-70; kein öffentlicher Redirect vorgesehen,noah.zepner@akg-kiel.de (Projektleitung/Koordination),AKG-53: redaktionelle Sammelentscheidung,Ausnahme nur bei begründetem aktuellem Bedarf; ohne Rückmeldung keine Migration,2026-10-02
3,Beitrag,Gregorian Grace,https://akg-kiel.de/gregorian-grace,WordPress REST + Sitemap,2022-02-12,2022-03-08,nein,extern verlinken,https://konzerte-petruskirche.de/programm/archiv,noah.zepner@akg-kiel.de (Projektleitung/Koordination),Website Konzerte + AKG-69,Einzelziel nur bei vorhandenem Archivdatensatz; sonst Archivübersicht,2027-02-19
3,Beitrag,Gregorian Grace Arte Chorale Tour 2023,https://akg-kiel.de/gregorian-grace-arte-chorale-tour-2023,WordPress REST + Sitemap,2021-12-30,2023-01-04,nein,extern verlinken,https://konzerte-petruskirche.de/programm/archiv,noah.zepner@akg-kiel.de (Projektleitung/Koordination),Website Konzerte + AKG-69,Einzelziel nur bei vorhandenem Archivdatensatz; sonst Archivübersicht,2027-02-19
3,Beitrag,GREGORIAN – Pure Chants Tour 2023,https://akg-kiel.de/gregorian-pure-chants-tour-2023,WordPress REST + Sitemap,2022-03-24,2023-03-27,nein,extern verlinken,https://konzerte-petruskirche.de/programm/archiv,noah.zepner@akg-kiel.de (Projektleitung/Koordination),Website Konzerte + AKG-69,Einzelziel nur bei vorhandenem Archivdatensatz; sonst Archivübersicht,2027-02-19
3,Beitrag,Grigory Sokolov,https://akg-kiel.de/grigory-sokolov,WordPress REST + Sitemap,2024-08-02,2025-02-28,nein,extern verlinken,https://konzerte-petruskirche.de/programm/archiv,noah.zepner@akg-kiel.de (Projektleitung/Koordination),Website Konzerte + AKG-69,Einzelziel nur bei vorhandenem Archivdatensatz; sonst Archivübersicht,2027-02-19
3,Beitrag,Grüße an die Apostelgemeinde von Pastor Kweka,https://akg-kiel.de/gruesse-an-die-apostelgemeinde-von-pastor-kweka,WordPress REST + Sitemap,2017-02-10,2019-10-09,nein,archivieren,WordPress-Backup gemäß AKG-70; kein öffentlicher Redirect vorgesehen,noah.zepner@akg-kiel.de (Projektleitung/Koordination),AKG-53: redaktionelle Sammelentscheidung,Ausnahme nur bei begründetem aktuellem Bedarf; ohne Rückmeldung keine Migration,2026-10-02
3,Beitrag,Gruß von Paulina,https://akg-kiel.de/gruss-von-paulina,WordPress REST + Sitemap,2017-06-25,2019-09-18,nein,archivieren,WordPress-Backup gemäß AKG-70; kein öffentlicher Redirect vorgesehen,noah.zepner@akg-kiel.de (Projektleitung/Koordination),AKG-53: redaktionelle Sammelentscheidung,Ausnahme nur bei begründetem aktuellem Bedarf; ohne Rückmeldung keine Migration,2026-10-02
3,Beitrag,"Happy New Year, Mr. Hope!",https://akg-kiel.de/happy-new-year-mr-hope,WordPress REST + Sitemap,2022-01-06,2023-01-09,nein,extern verlinken,https://konzerte-petruskirche.de/programm/archiv,noah.zepner@akg-kiel.de (Projektleitung/Koordination),Website Konzerte + AKG-69,Einzelziel nur bei vorhandenem Archivdatensatz; sonst Archivübersicht,2027-02-19
3,Beitrag,Hauskreis Speeddating am 9.11.,https://akg-kiel.de/hauskreis-speeddating-am-9-11,WordPress REST + Sitemap,2022-10-29,2023-11-12,nein,archivieren,WordPress-Backup gemäß AKG-70; kein öffentlicher Redirect vorgesehen,noah.zepner@akg-kiel.de (Projektleitung/Koordination),AKG-53: redaktionelle Sammelentscheidung,Ausnahme nur bei begründetem aktuellem Bedarf; ohne Rückmeldung keine Migration,2026-10-02
3,Beitrag,Herbstausflug,https://akg-kiel.de/herbstausflug,WordPress REST + Sitemap,2022-08-26,2023-09-17,nein,archivieren,WordPress-Backup gemäß AKG-70; kein öffentlicher Redirect vorgesehen,noah.zepner@akg-kiel.de (Projektleitung/Koordination),AKG-53: redaktionelle Sammelentscheidung,Ausnahme nur bei begründetem aktuellem Bedarf; ohne Rückmeldung keine Migration,2026-10-02
3,Beitrag,Hilfe für Menschen in Not in unserer Partnergemeinde,https://akg-kiel.de/hilfe-fuer-menschen-in-not-in-unserer-partnergemeinde,WordPress REST + Sitemap,2024-05-14,2025-05-16,nein,archivieren,WordPress-Backup gemäß AKG-70; kein öffentlicher Redirect vorgesehen,noah.zepner@akg-kiel.de (Projektleitung/Koordination),AKG-53: redaktionelle Sammelentscheidung,Ausnahme nur bei begründetem aktuellem Bedarf; ohne Rückmeldung keine Migration,2026-10-02
3,Beitrag,Home for Christmas,https://akg-kiel.de/home-for-christmas,WordPress REST + Sitemap,2021-11-25,2022-11-28,nein,extern verlinken,https://konzerte-petruskirche.de/programm/archiv,noah.zepner@akg-kiel.de (Projektleitung/Koordination),Website Konzerte + AKG-69,Einzelziel nur bei vorhandenem Archivdatensatz; sonst Archivübersicht,2027-02-19
3,Beitrag,HOME FOR CHRISTMAS,https://akg-kiel.de/home-for-christmas-2,WordPress REST + Sitemap,2022-12-16,2023-12-20,nein,extern verlinken,https://konzerte-petruskirche.de/programm/archiv,noah.zepner@akg-kiel.de (Projektleitung/Koordination),Website Konzerte + AKG-69,Einzelziel nur bei vorhandenem Archivdatensatz; sonst Archivübersicht,2027-02-19
3,Beitrag,Home for Christmas 2026,https://akg-kiel.de/home-for-christmas-2026,WordPress REST + Sitemap,2025-12-04,2026-09-02,nein,extern verlinken,https://konzerte-petruskirche.de/programm/archiv,noah.zepner@akg-kiel.de (Projektleitung/Koordination),Website Konzerte + AKG-69,Einzelziel nur bei vorhandenem Archivdatensatz; sonst Archivübersicht,2027-02-19
3,Beitrag,HOME FOR CHRISTMAS – DAS WEIHNACHTSKONZERT,https://akg-kiel.de/home-for-christmas-das-weihnachtskonzert,WordPress REST + Sitemap,2023-11-29,2024-12-03,nein,extern verlinken,https://konzerte-petruskirche.de/programm/archiv,noah.zepner@akg-kiel.de (Projektleitung/Koordination),Website Konzerte + AKG-69,Einzelziel nur bei vorhandenem Archivdatensatz; sonst Archivübersicht,2027-02-19
3,Beitrag,ICL-Semiare im Norden,https://akg-kiel.de/icl-semiare-im-norden,WordPress REST + Sitemap,2023-01-23,2023-11-29,nein,archivieren,WordPress-Backup gemäß AKG-70; kein öffentlicher Redirect vorgesehen,noah.zepner@akg-kiel.de (Projektleitung/Koordination),AKG-53: redaktionelle Sammelentscheidung,Ausnahme nur bei begründetem aktuellem Bedarf; ohne Rückmeldung keine Migration,2026-10-02
3,Beitrag,Ideenwerkstatt,https://akg-kiel.de/ideenwerkstatt,WordPress REST + Sitemap,2022-06-05,2024-01-08,nein,archivieren,WordPress-Backup gemäß AKG-70; kein öffentlicher Redirect vorgesehen,noah.zepner@akg-kiel.de (Projektleitung/Koordination),AKG-53: redaktionelle Sammelentscheidung,Ausnahme nur bei begründetem aktuellem Bedarf; ohne Rückmeldung keine Migration,2026-10-02
3,Beitrag,Ideenwerstatt geht weiter,https://akg-kiel.de/ideenwerstatt-geht-weiter,WordPress REST + Sitemap,2022-07-23,2024-01-08,nein,archivieren,WordPress-Backup gemäß AKG-70; kein öffentlicher Redirect vorgesehen,noah.zepner@akg-kiel.de (Projektleitung/Koordination),AKG-53: redaktionelle Sammelentscheidung,Ausnahme nur bei begründetem aktuellem Bedarf; ohne Rückmeldung keine Migration,2026-10-02
3,Beitrag,Imke und Lars Reimann gehen nach New York,https://akg-kiel.de/imke-und-lars-reimann-gehen-nach-new-york,WordPress REST + Sitemap,2022-01-28,2024-01-08,nein,archivieren,WordPress-Backup gemäß AKG-70; kein öffentlicher Redirect vorgesehen,noah.zepner@akg-kiel.de (Projektleitung/Koordination),AKG-53: redaktionelle Sammelentscheidung,Ausnahme nur bei begründetem aktuellem Bedarf; ohne Rückmeldung keine Migration,2026-10-02
3,Beitrag,Informationen von Pastor Aminiel Mwenda Nnko im August 2021,https://akg-kiel.de/informationen-von-pastor-aminiel-mwenda-nnko-im-august-2021,WordPress REST + Sitemap,2021-08-30,2021-08-30,nein,archivieren,WordPress-Backup gemäß AKG-70; kein öffentlicher Redirect vorgesehen,noah.zepner@akg-kiel.de (Projektleitung/Koordination),AKG-53: redaktionelle Sammelentscheidung,Ausnahme nur bei begründetem aktuellem Bedarf; ohne Rückmeldung keine Migration,2026-10-02
3,Beitrag,ISILOVER – best soul,https://akg-kiel.de/isilover-best-soul,WordPress REST + Sitemap,2023-12-21,2024-12-21,nein,extern verlinken,https://konzerte-petruskirche.de/programm/archiv,noah.zepner@akg-kiel.de (Projektleitung/Koordination),Website Konzerte + AKG-69,Einzelziel nur bei vorhandenem Archivdatensatz; sonst Archivübersicht,2027-02-19
3,Beitrag,Italian Giuseppe Verdi String Orchestra,https://akg-kiel.de/italian-giuseppe-verdi-string-orchestra,WordPress REST (nicht im Sitemap-Cache),2025-11-09,2026-09-03,nein,extern verlinken,https://konzerte-petruskirche.de/programm/archiv,noah.zepner@akg-kiel.de (Projektleitung/Koordination),Website Konzerte + AKG-69,Einzelziel nur bei vorhandenem Archivdatensatz; sonst Archivübersicht,2027-02-19
3,Beitrag,Jahreswechsel in Apostel,https://akg-kiel.de/jahreswechsel-in-apostel,WordPress REST + Sitemap,2022-12-16,2024-01-08,nein,archivieren,WordPress-Backup gemäß AKG-70; kein öffentlicher Redirect vorgesehen,noah.zepner@akg-kiel.de (Projektleitung/Koordination),AKG-53: redaktionelle Sammelentscheidung,Ausnahme nur bei begründetem aktuellem Bedarf; ohne Rückmeldung keine Migration,2026-10-02
3,Beitrag,Jazzica,https://akg-kiel.de/jazzica,WordPress REST + Sitemap,2021-11-27,2022-03-09,nein,extern verlinken,https://konzerte-petruskirche.de/programm/archiv,noah.zepner@akg-kiel.de (Projektleitung/Koordination),Website Konzerte + AKG-69,Einzelziel nur bei vorhandenem Archivdatensatz; sonst Archivübersicht,2027-02-19
3,Beitrag,Jazzica,https://akg-kiel.de/jazzica-2,WordPress REST + Sitemap,2022-04-23,2022-05-23,nein,extern verlinken,https://konzerte-petruskirche.de/programm/archiv,noah.zepner@akg-kiel.de (Projektleitung/Koordination),Website Konzerte + AKG-69,Einzelziel nur bei vorhandenem Archivdatensatz; sonst Archivübersicht,2027-02-19
3,Beitrag,Jazzica & Anders,https://akg-kiel.de/jazzica-anders,WordPress REST + Sitemap,2024-11-14,2026-01-24,nein,extern verlinken,https://konzerte-petruskirche.de/programm/archiv,noah.zepner@akg-kiel.de (Projektleitung/Koordination),Website Konzerte + AKG-69,Einzelziel nur bei vorhandenem Archivdatensatz; sonst Archivübersicht,2027-02-19
3,Beitrag,Jazzica Live on Stage,https://akg-kiel.de/jazzica-live-on-stage,WordPress REST + Sitemap,2023-07-13,2024-07-16,nein,extern verlinken,https://konzerte-petruskirche.de/programm/archiv,noah.zepner@akg-kiel.de (Projektleitung/Koordination),Website Konzerte + AKG-69,Einzelziel nur bei vorhandenem Archivdatensatz; sonst Archivübersicht,2027-02-19
3,Beitrag,Jesu Wunder,https://akg-kiel.de/jesu-wunder,WordPress REST + Sitemap,2021-02-08,2021-03-06,nein,archivieren,WordPress-Backup gemäß AKG-70; kein öffentlicher Redirect vorgesehen,noah.zepner@akg-kiel.de (Projektleitung/Koordination),AKG-53: redaktionelle Sammelentscheidung,Ausnahme nur bei begründetem aktuellem Bedarf; ohne Rückmeldung keine Migration,2026-10-02
3,Beitrag,"Johannes Brahms,",https://akg-kiel.de/johannes-brahms,WordPress REST + Sitemap,2024-02-21,2025-02-25,nein,extern verlinken,https://konzerte-petruskirche.de/programm/archiv,noah.zepner@akg-kiel.de (Projektleitung/Koordination),Website Konzerte + AKG-69,Einzelziel nur bei vorhandenem Archivdatensatz; sonst Archivübersicht,2027-02-19
3,Beitrag,Joshua Bell,https://akg-kiel.de/joshua-bell,WordPress REST + Sitemap,2024-07-17,2025-06-15,nein,extern verlinken,https://konzerte-petruskirche.de/programm/archiv,noah.zepner@akg-kiel.de (Projektleitung/Koordination),Website Konzerte + AKG-69,Einzelziel nur bei vorhandenem Archivdatensatz; sonst Archivübersicht,2027-02-19
3,Beitrag,Jugendgottesdienste 2026,https://akg-kiel.de/jugendgottesdienste-2026,WordPress REST + Sitemap,2026-07-10,2026-07-10,nein,archivieren,WordPress-Backup gemäß AKG-70; kein öffentlicher Redirect vorgesehen,noah.zepner@akg-kiel.de (Projektleitung/Koordination),AKG-53: redaktionelle Sammelentscheidung,Ausnahme nur bei begründetem aktuellem Bedarf; ohne Rückmeldung keine Migration,2026-10-02
3,Beitrag,Kambodscha vom 13.04.2023,https://akg-kiel.de/kambodscha-vom-13-04-2023,WordPress REST + Sitemap,2023-04-23,2023-07-29,nein,archivieren,WordPress-Backup gemäß AKG-70; kein öffentlicher Redirect vorgesehen,noah.zepner@akg-kiel.de (Projektleitung/Koordination),AKG-53: redaktionelle Sammelentscheidung,Ausnahme nur bei begründetem aktuellem Bedarf; ohne Rückmeldung keine Migration,2026-10-02
3,Beitrag,Kammer-Ensemble der AKG,https://akg-kiel.de/kammer-ensemble-der-akg,WordPress REST + Sitemap,2025-01-27,2025-01-29,nein,archivieren,WordPress-Backup gemäß AKG-70; kein öffentlicher Redirect vorgesehen,noah.zepner@akg-kiel.de (Projektleitung/Koordination),AKG-53: redaktionelle Sammelentscheidung,Ausnahme nur bei begründetem aktuellem Bedarf; ohne Rückmeldung keine Migration,2026-10-02
3,Beitrag,Kampot Update,https://akg-kiel.de/kampot-update,WordPress REST + Sitemap,2023-05-20,2023-07-29,nein,archivieren,WordPress-Backup gemäß AKG-70; kein öffentlicher Redirect vorgesehen,noah.zepner@akg-kiel.de (Projektleitung/Koordination),AKG-53: redaktionelle Sammelentscheidung,Ausnahme nur bei begründetem aktuellem Bedarf; ohne Rückmeldung keine Migration,2026-10-02
3,Beitrag,Kathy Kelly & Jay Alexander,https://akg-kiel.de/kathy-kelly-jay-alexander,WordPress REST + Sitemap,2022-04-22,2023-04-26,nein,extern verlinken,https://konzerte-petruskirche.de/programm/archiv,noah.zepner@akg-kiel.de (Projektleitung/Koordination),Website Konzerte + AKG-69,Einzelziel nur bei vorhandenem Archivdatensatz; sonst Archivübersicht,2027-02-19
3,Beitrag,Kein Komfort – Aber Hütte mit Gott,https://akg-kiel.de/kein-komfort-aber-huette-mit-gott,WordPress REST + Sitemap,2022-11-19,2022-11-27,nein,archivieren,WordPress-Backup gemäß AKG-70; kein öffentlicher Redirect vorgesehen,noah.zepner@akg-kiel.de (Projektleitung/Koordination),AKG-53: redaktionelle Sammelentscheidung,Ausnahme nur bei begründetem aktuellem Bedarf; ohne Rückmeldung keine Migration,2026-10-02
3,Beitrag,KGR-Wahlen 2022 Ergebnisse,https://akg-kiel.de/kgr-wahlen-2022-ergebnisse,WordPress REST + Sitemap,2022-10-25,2024-01-08,nein,archivieren,WordPress-Backup gemäß AKG-70; kein öffentlicher Redirect vorgesehen,noah.zepner@akg-kiel.de (Projektleitung/Koordination),AKG-53: redaktionelle Sammelentscheidung,Ausnahme nur bei begründetem aktuellem Bedarf; ohne Rückmeldung keine Migration,2026-10-02
3,Beitrag,Kieler Kammerorchester,https://akg-kiel.de/kieler-kammerorchester,WordPress REST + Sitemap,2022-11-07,2023-11-08,nein,extern verlinken,https://konzerte-petruskirche.de/programm/archiv,noah.zepner@akg-kiel.de (Projektleitung/Koordination),Website Konzerte + AKG-69,Einzelziel nur bei vorhandenem Archivdatensatz; sonst Archivübersicht,2027-02-19
3,Beitrag,KiezKAFFEE! Wird sind dabei!,https://akg-kiel.de/kiezkaffee-wird-sind-dabei,WordPress REST + Sitemap,2021-04-28,2022-05-22,nein,archivieren,WordPress-Backup gemäß AKG-70; kein öffentlicher Redirect vorgesehen,noah.zepner@akg-kiel.de (Projektleitung/Koordination),AKG-53: redaktionelle Sammelentscheidung,Ausnahme nur bei begründetem aktuellem Bedarf; ohne Rückmeldung keine Migration,2026-10-02
3,Beitrag,Kimosonu Abenteuer,https://akg-kiel.de/kimosonu-abenteuer,WordPress REST + Sitemap,2015-03-09,2019-10-09,nein,archivieren,WordPress-Backup gemäß AKG-70; kein öffentlicher Redirect vorgesehen,noah.zepner@akg-kiel.de (Projektleitung/Koordination),AKG-53: redaktionelle Sammelentscheidung,Ausnahme nur bei begründetem aktuellem Bedarf; ohne Rückmeldung keine Migration,2026-10-02
3,Beitrag,Kimosonu im GoDi am 29.8.21,https://akg-kiel.de/kimosonu-im-godi-am-29-8-21,WordPress REST + Sitemap,2021-08-25,2021-08-25,nein,archivieren,WordPress-Backup gemäß AKG-70; kein öffentlicher Redirect vorgesehen,noah.zepner@akg-kiel.de (Projektleitung/Koordination),AKG-53: redaktionelle Sammelentscheidung,Ausnahme nur bei begründetem aktuellem Bedarf; ohne Rückmeldung keine Migration,2026-10-02
3,Beitrag,Kimosonu-Partnership-Day,https://akg-kiel.de/kimosonu-partnership-day,WordPress REST + Sitemap,2014-09-09,2019-10-09,nein,archivieren,WordPress-Backup gemäß AKG-70; kein öffentlicher Redirect vorgesehen,noah.zepner@akg-kiel.de (Projektleitung/Koordination),AKG-53: redaktionelle Sammelentscheidung,Ausnahme nur bei begründetem aktuellem Bedarf; ohne Rückmeldung keine Migration,2026-10-02
3,Beitrag,Kimosonu-Partnership-Day 2014,https://akg-kiel.de/kimosonu-partnership-day-2014,WordPress REST + Sitemap,2014-10-16,2019-10-09,nein,archivieren,WordPress-Backup gemäß AKG-70; kein öffentlicher Redirect vorgesehen,noah.zepner@akg-kiel.de (Projektleitung/Koordination),AKG-53: redaktionelle Sammelentscheidung,Ausnahme nur bei begründetem aktuellem Bedarf; ohne Rückmeldung keine Migration,2026-10-02
3,Beitrag,Kinderflohmarkt,https://akg-kiel.de/kinderflohmarkt,WordPress REST + Sitemap,2022-10-28,2022-10-28,nein,archivieren,WordPress-Backup gemäß AKG-70; kein öffentlicher Redirect vorgesehen,noah.zepner@akg-kiel.de (Projektleitung/Koordination),AKG-53: redaktionelle Sammelentscheidung,Ausnahme nur bei begründetem aktuellem Bedarf; ohne Rückmeldung keine Migration,2026-10-02
3,Beitrag,Kindergarten Kimosonu – Update 2024,https://akg-kiel.de/kindergarten-kimosonu-update-2024,WordPress REST + Sitemap,2024-08-18,2024-12-27,nein,archivieren,WordPress-Backup gemäß AKG-70; kein öffentlicher Redirect vorgesehen,noah.zepner@akg-kiel.de (Projektleitung/Koordination),AKG-53: redaktionelle Sammelentscheidung,Ausnahme nur bei begründetem aktuellem Bedarf; ohne Rückmeldung keine Migration,2026-10-02
3,Beitrag,Kirchkaffee im digitalen Kirchraum,https://akg-kiel.de/kirchkaffee-in-neuen-digitalen-raeumen,WordPress REST + Sitemap,2021-02-13,2024-03-08,nein,archivieren,WordPress-Backup gemäß AKG-70; kein öffentlicher Redirect vorgesehen,noah.zepner@akg-kiel.de (Projektleitung/Koordination),AKG-53: redaktionelle Sammelentscheidung,Ausnahme nur bei begründetem aktuellem Bedarf; ohne Rückmeldung keine Migration,2026-10-02
3,Beitrag,KKO,https://akg-kiel.de/kko,WordPress REST + Sitemap,2024-04-07,2025-05-11,nein,extern verlinken,https://konzerte-petruskirche.de/programm/archiv,noah.zepner@akg-kiel.de (Projektleitung/Koordination),Website Konzerte + AKG-69,Einzelziel nur bei vorhandenem Archivdatensatz; sonst Archivübersicht,2027-02-19
3,Beitrag,"Jessy Martens Donnerstag, 16.12.2021, 19:00 Uhr",https://akg-kiel.de/konzert-3,WordPress REST + Sitemap,2021-12-16,2022-03-09,nein,extern verlinken,https://konzerte-petruskirche.de/programm/archiv,noah.zepner@akg-kiel.de (Projektleitung/Koordination),Website Konzerte + AKG-69,Einzelziel nur bei vorhandenem Archivdatensatz; sonst Archivübersicht,2027-02-19
3,Beitrag,Konzert des Kammerorchesters der Christian-Albrechts-Universität zu Kiel,https://akg-kiel.de/konzert-des-kammerorchesters-der-christian-albrechts-universitaet-zu-kiel,WordPress REST + Sitemap,2024-01-29,2025-01-31,nein,extern verlinken,https://konzerte-petruskirche.de/programm/archiv,noah.zepner@akg-kiel.de (Projektleitung/Koordination),Website Konzerte + AKG-69,Einzelziel nur bei vorhandenem Archivdatensatz; sonst Archivübersicht,2027-02-19
3,Beitrag,Konzert für Menschen mit Demenz,https://akg-kiel.de/konzert-fuer-menschen-mit-demenz,WordPress REST + Sitemap,2022-05-10,2023-05-25,nein,extern verlinken,https://konzerte-petruskirche.de/programm/archiv,noah.zepner@akg-kiel.de (Projektleitung/Koordination),Website Konzerte + AKG-69,Einzelziel nur bei vorhandenem Archivdatensatz; sonst Archivübersicht,2027-02-19
3,Beitrag,Konzert für Menschen mit Demenzerkrankung,https://akg-kiel.de/konzert-fuer-menschen-mit-demenzerkrankung,WordPress REST + Sitemap,2023-12-19,2024-12-21,nein,extern verlinken,https://konzerte-petruskirche.de/programm/archiv,noah.zepner@akg-kiel.de (Projektleitung/Koordination),Website Konzerte + AKG-69,Einzelziel nur bei vorhandenem Archivdatensatz; sonst Archivübersicht,2027-02-19
3,Beitrag,Konzert Inga Rumpf- ZEITREISE,https://akg-kiel.de/konzert-inga-rumpf-zeitreise,WordPress REST + Sitemap,2022-04-20,2022-05-11,nein,extern verlinken,https://konzerte-petruskirche.de/programm/archiv,noah.zepner@akg-kiel.de (Projektleitung/Koordination),Website Konzerte + AKG-69,Einzelziel nur bei vorhandenem Archivdatensatz; sonst Archivübersicht,2027-02-19
3,Beitrag,Konzert Jam Session,https://akg-kiel.de/konzert-jam-session,WordPress REST + Sitemap,2021-07-16,2022-03-09,nein,extern verlinken,https://konzerte-petruskirche.de/programm/archiv,noah.zepner@akg-kiel.de (Projektleitung/Koordination),Website Konzerte + AKG-69,Einzelziel nur bei vorhandenem Archivdatensatz; sonst Archivübersicht,2027-02-19
3,Beitrag,Konzert-Orchester Bläserphilharmonie Kiel,https://akg-kiel.de/konzert-orchester-blaeserphilharmonie-kiel,WordPress REST + Sitemap,2021-12-10,2022-12-12,nein,extern verlinken,https://konzerte-petruskirche.de/programm/archiv,noah.zepner@akg-kiel.de (Projektleitung/Koordination),Website Konzerte + AKG-69,Einzelziel nur bei vorhandenem Archivdatensatz; sonst Archivübersicht,2027-02-19
3,Beitrag,Konzert Sinfonieorchester am EBG,https://akg-kiel.de/konzert-sinfonieorchester-am-ebg,WordPress REST + Sitemap,2021-10-26,2022-03-09,nein,extern verlinken,https://konzerte-petruskirche.de/programm/archiv,noah.zepner@akg-kiel.de (Projektleitung/Koordination),Website Konzerte + AKG-69,Einzelziel nur bei vorhandenem Archivdatensatz; sonst Archivübersicht,2027-02-19
3,Beitrag,Konzert Sons & Preachers,https://akg-kiel.de/konzert-sons-preachers,WordPress REST + Sitemap,2021-08-20,2022-03-09,nein,extern verlinken,https://konzerte-petruskirche.de/programm/archiv,noah.zepner@akg-kiel.de (Projektleitung/Koordination),Website Konzerte + AKG-69,Einzelziel nur bei vorhandenem Archivdatensatz; sonst Archivübersicht,2027-02-19
3,Beitrag,Konzertabend,https://akg-kiel.de/konzertabend,WordPress REST + Sitemap,2023-07-05,2024-07-10,nein,extern verlinken,https://konzerte-petruskirche.de/programm/archiv,noah.zepner@akg-kiel.de (Projektleitung/Koordination),Website Konzerte + AKG-69,Einzelziel nur bei vorhandenem Archivdatensatz; sonst Archivübersicht,2027-02-19
3,Beitrag,Kožená & Rattle,https://akg-kiel.de/kozena-rattle,WordPress REST + Sitemap,2021-07-09,2022-11-10,nein,extern verlinken,https://konzerte-petruskirche.de/programm/archiv,noah.zepner@akg-kiel.de (Projektleitung/Koordination),Website Konzerte + AKG-69,Einzelziel nur bei vorhandenem Archivdatensatz; sonst Archivübersicht,2027-02-19
3,Beitrag,krassnitzer,https://akg-kiel.de/krassnitzer,WordPress REST + Sitemap,2022-07-23,2023-07-28,nein,extern verlinken,https://konzerte-petruskirche.de/programm/archiv,noah.zepner@akg-kiel.de (Projektleitung/Koordination),Website Konzerte + AKG-69,Einzelziel nur bei vorhandenem Archivdatensatz; sonst Archivübersicht,2027-02-19
3,Beitrag,Landesakkordeonorchester,https://akg-kiel.de/landesakkordeonorchester,WordPress REST + Sitemap,2023-12-01,2024-12-03,nein,extern verlinken,https://konzerte-petruskirche.de/programm/archiv,noah.zepner@akg-kiel.de (Projektleitung/Koordination),Website Konzerte + AKG-69,Einzelziel nur bei vorhandenem Archivdatensatz; sonst Archivübersicht,2027-02-19
3,Beitrag,Laptops für Kimosonu,https://akg-kiel.de/laptops-fuer-kimosonu,WordPress REST + Sitemap,2025-07-04,2025-08-16,nein,archivieren,WordPress-Backup gemäß AKG-70; kein öffentlicher Redirect vorgesehen,noah.zepner@akg-kiel.de (Projektleitung/Koordination),AKG-53: redaktionelle Sammelentscheidung,Ausnahme nur bei begründetem aktuellem Bedarf; ohne Rückmeldung keine Migration,2026-10-02
3,Beitrag,Les Brünettes,https://akg-kiel.de/les-bruenettes,WordPress REST + Sitemap,2022-04-21,2022-05-23,nein,extern verlinken,https://konzerte-petruskirche.de/programm/archiv,noah.zepner@akg-kiel.de (Projektleitung/Koordination),Website Konzerte + AKG-69,Einzelziel nur bei vorhandenem Archivdatensatz; sonst Archivübersicht,2027-02-19
3,Beitrag,Letzte Vorbereitungen,https://akg-kiel.de/letzte-vorbereitungen,WordPress REST + Sitemap,2013-12-09,2019-10-09,nein,archivieren,WordPress-Backup gemäß AKG-70; kein öffentlicher Redirect vorgesehen,noah.zepner@akg-kiel.de (Projektleitung/Koordination),AKG-53: redaktionelle Sammelentscheidung,Ausnahme nur bei begründetem aktuellem Bedarf; ohne Rückmeldung keine Migration,2026-10-02
3,Beitrag,livestream-post,https://akg-kiel.de/livestream-post,WordPress REST + Sitemap,2020-04-01,2020-04-01,nein,archivieren,WordPress-Backup gemäß AKG-70; kein öffentlicher Redirect vorgesehen,noah.zepner@akg-kiel.de (Projektleitung/Koordination),AKG-53: redaktionelle Sammelentscheidung,Ausnahme nur bei begründetem aktuellem Bedarf; ohne Rückmeldung keine Migration,2026-10-02
3,Beitrag,Luciano: 3 Tenöre feiern eine Legende,https://akg-kiel.de/luciano-3-tenoere-feiern-eine-legende,WordPress REST + Sitemap,2023-04-01,2024-04-15,nein,extern verlinken,https://konzerte-petruskirche.de/programm/archiv,noah.zepner@akg-kiel.de (Projektleitung/Koordination),Website Konzerte + AKG-69,Einzelziel nur bei vorhandenem Archivdatensatz; sonst Archivübersicht,2027-02-19
3,Beitrag,Madrigalchor Kiel,https://akg-kiel.de/madrigalchor-kiel,WordPress REST + Sitemap,2022-11-26,2023-11-28,nein,extern verlinken,https://konzerte-petruskirche.de/programm/archiv,noah.zepner@akg-kiel.de (Projektleitung/Koordination),Website Konzerte + AKG-69,Einzelziel nur bei vorhandenem Archivdatensatz; sonst Archivübersicht,2027-02-19
3,Beitrag,Anmeldung Männerfreizeit Hütte 2023,https://akg-kiel.de/maennerfreizeit-huette-2022,WordPress REST + Sitemap,2023-10-19,2023-12-12,nein,archivieren,WordPress-Backup gemäß AKG-70; kein öffentlicher Redirect vorgesehen,noah.zepner@akg-kiel.de (Projektleitung/Koordination),AKG-53: redaktionelle Sammelentscheidung,Ausnahme nur bei begründetem aktuellem Bedarf; ohne Rückmeldung keine Migration,2026-10-02
3,Beitrag,Männerfreizeit mit Adler,https://akg-kiel.de/maennerfreizeit-mit-adler,WordPress REST + Sitemap,2023-12-24,2024-01-01,nein,archivieren,WordPress-Backup gemäß AKG-70; kein öffentlicher Redirect vorgesehen,noah.zepner@akg-kiel.de (Projektleitung/Koordination),AKG-53: redaktionelle Sammelentscheidung,Ausnahme nur bei begründetem aktuellem Bedarf; ohne Rückmeldung keine Migration,2026-10-02
3,Beitrag,Männerwochenende in Weitenhagen,https://akg-kiel.de/maennerwochenende-in-weitenhagen,WordPress REST + Sitemap,2020-10-26,2022-10-01,nein,archivieren,WordPress-Backup gemäß AKG-70; kein öffentlicher Redirect vorgesehen,noah.zepner@akg-kiel.de (Projektleitung/Koordination),AKG-53: redaktionelle Sammelentscheidung,Ausnahme nur bei begründetem aktuellem Bedarf; ohne Rückmeldung keine Migration,2026-10-02
3,Beitrag,März Update aus Amerika,https://akg-kiel.de/maerz-update-aus-ameriks,WordPress REST + Sitemap,2023-03-16,2023-07-29,nein,archivieren,WordPress-Backup gemäß AKG-70; kein öffentlicher Redirect vorgesehen,noah.zepner@akg-kiel.de (Projektleitung/Koordination),AKG-53: redaktionelle Sammelentscheidung,Ausnahme nur bei begründetem aktuellem Bedarf; ohne Rückmeldung keine Migration,2026-10-02
3,Beitrag,MARC MARSHALL,https://akg-kiel.de/marc-marshall,WordPress REST + Sitemap,2023-11-15,2024-11-18,nein,extern verlinken,https://konzerte-petruskirche.de/programm/archiv,noah.zepner@akg-kiel.de (Projektleitung/Koordination),Website Konzerte + AKG-69,Einzelziel nur bei vorhandenem Archivdatensatz; sonst Archivübersicht,2027-02-19
3,Beitrag,Martina Gedeck,https://akg-kiel.de/martina-gedeck,WordPress REST + Sitemap,2021-07-14,2022-11-10,nein,extern verlinken,https://konzerte-petruskirche.de/programm/archiv,noah.zepner@akg-kiel.de (Projektleitung/Koordination),Website Konzerte + AKG-69,Einzelziel nur bei vorhandenem Archivdatensatz; sonst Archivübersicht,2027-02-19
3,Beitrag,Matthias Goerne,https://akg-kiel.de/matthias-goerne,WordPress REST + Sitemap,2024-08-08,2025-02-28,nein,extern verlinken,https://konzerte-petruskirche.de/programm/archiv,noah.zepner@akg-kiel.de (Projektleitung/Koordination),Website Konzerte + AKG-69,Einzelziel nur bei vorhandenem Archivdatensatz; sonst Archivübersicht,2027-02-19
3,Beitrag,MAYBEBOP,https://akg-kiel.de/maybebop,WordPress REST + Sitemap,2023-11-02,2024-11-15,nein,extern verlinken,https://konzerte-petruskirche.de/programm/archiv,noah.zepner@akg-kiel.de (Projektleitung/Koordination),Website Konzerte + AKG-69,Einzelziel nur bei vorhandenem Archivdatensatz; sonst Archivübersicht,2027-02-19
3,Beitrag,Mert Süngü,https://akg-kiel.de/mert-suengue,WordPress REST + Sitemap,2024-07-10,2025-02-28,nein,extern verlinken,https://konzerte-petruskirche.de/programm/archiv,noah.zepner@akg-kiel.de (Projektleitung/Koordination),Website Konzerte + AKG-69,Einzelziel nur bei vorhandenem Archivdatensatz; sonst Archivübersicht,2027-02-19
3,Beitrag,Milal 25.03.2023 in der Petruskirche,https://akg-kiel.de/milal-25-03-2023-in-der-petruskirche,WordPress REST + Sitemap,2022-03-01,2023-04-01,nein,archivieren,WordPress-Backup gemäß AKG-70; kein öffentlicher Redirect vorgesehen,noah.zepner@akg-kiel.de (Projektleitung/Koordination),AKG-53: redaktionelle Sammelentscheidung,Ausnahme nur bei begründetem aktuellem Bedarf; ohne Rückmeldung keine Migration,2026-10-02
3,Beitrag,Milal Brückenkonzert 2025,https://akg-kiel.de/milal-brueckenkonzert-2025,WordPress REST + Sitemap,2024-06-30,2025-07-07,nein,extern verlinken,https://konzerte-petruskirche.de/programm/archiv,noah.zepner@akg-kiel.de (Projektleitung/Koordination),Website Konzerte + AKG-69,Einzelziel nur bei vorhandenem Archivdatensatz; sonst Archivübersicht,2027-02-19
3,Beitrag,MISA TANGO,https://akg-kiel.de/misa-tango,WordPress REST + Sitemap,2024-07-13,2025-08-04,nein,extern verlinken,https://konzerte-petruskirche.de/programm/archiv,noah.zepner@akg-kiel.de (Projektleitung/Koordination),Website Konzerte + AKG-69,Einzelziel nur bei vorhandenem Archivdatensatz; sonst Archivübersicht,2027-02-19
3,Beitrag,Mitarbeitertag am 2. Mai 2023,https://akg-kiel.de/mitarbeitertag-am-2-mai-2023,WordPress REST + Sitemap,2023-05-15,2023-06-22,nein,archivieren,WordPress-Backup gemäß AKG-70; kein öffentlicher Redirect vorgesehen,noah.zepner@akg-kiel.de (Projektleitung/Koordination),AKG-53: redaktionelle Sammelentscheidung,Ausnahme nur bei begründetem aktuellem Bedarf; ohne Rückmeldung keine Migration,2026-10-02
3,Beitrag,Miteinander …. Gottesdienste gestalten und feiern,https://akg-kiel.de/miteinander-gottesdienste-gestalten-und-feiern,WordPress REST + Sitemap,2021-09-09,2024-01-08,nein,archivieren,WordPress-Backup gemäß AKG-70; kein öffentlicher Redirect vorgesehen,noah.zepner@akg-kiel.de (Projektleitung/Koordination),AKG-53: redaktionelle Sammelentscheidung,Ausnahme nur bei begründetem aktuellem Bedarf; ohne Rückmeldung keine Migration,2026-10-02
3,Beitrag,Monatshygiene – ein unterschätztes Thema,https://akg-kiel.de/monatshygiene-ein-unterschaetztes-thema,WordPress REST + Sitemap,2023-06-04,2023-06-04,nein,archivieren,WordPress-Backup gemäß AKG-70; kein öffentlicher Redirect vorgesehen,noah.zepner@akg-kiel.de (Projektleitung/Koordination),AKG-53: redaktionelle Sammelentscheidung,Ausnahme nur bei begründetem aktuellem Bedarf; ohne Rückmeldung keine Migration,2026-10-02
3,Beitrag,Mozart Konzert,https://akg-kiel.de/mozart-konzert,WordPress REST + Sitemap,2022-06-03,2023-06-05,nein,extern verlinken,https://konzerte-petruskirche.de/programm/archiv,noah.zepner@akg-kiel.de (Projektleitung/Koordination),Website Konzerte + AKG-69,Einzelziel nur bei vorhandenem Archivdatensatz; sonst Archivübersicht,2027-02-19
3,Beitrag,Mozart Konzert,https://akg-kiel.de/mozart-konzert-2,WordPress REST + Sitemap,2022-11-10,2023-11-16,nein,extern verlinken,https://konzerte-petruskirche.de/programm/archiv,noah.zepner@akg-kiel.de (Projektleitung/Koordination),Website Konzerte + AKG-69,Einzelziel nur bei vorhandenem Archivdatensatz; sonst Archivübersicht,2027-02-19
3,Beitrag,Mozartissimo,https://akg-kiel.de/mozartissimo,WordPress REST + Sitemap,2021-10-16,2022-10-17,nein,extern verlinken,https://konzerte-petruskirche.de/programm/archiv,noah.zepner@akg-kiel.de (Projektleitung/Koordination),Website Konzerte + AKG-69,Einzelziel nur bei vorhandenem Archivdatensatz; sonst Archivübersicht,2027-02-19
3,Beitrag,Musikervernetzungstreffen am 14.09.2023,https://akg-kiel.de/musikervernetzungstreffen-am-14-09-2023,WordPress REST + Sitemap,2022-09-07,2023-09-17,nein,archivieren,WordPress-Backup gemäß AKG-70; kein öffentlicher Redirect vorgesehen,noah.zepner@akg-kiel.de (Projektleitung/Koordination),AKG-53: redaktionelle Sammelentscheidung,Ausnahme nur bei begründetem aktuellem Bedarf; ohne Rückmeldung keine Migration,2026-10-02
3,Beitrag,Rückblick Nacht der Kirche 2022,https://akg-kiel.de/nacht-der-kirche-2022,WordPress REST + Sitemap,2022-09-27,2022-09-27,nein,archivieren,WordPress-Backup gemäß AKG-70; kein öffentlicher Redirect vorgesehen,noah.zepner@akg-kiel.de (Projektleitung/Koordination),AKG-53: redaktionelle Sammelentscheidung,Ausnahme nur bei begründetem aktuellem Bedarf; ohne Rückmeldung keine Migration,2026-10-02
3,Beitrag,Nacht der Kirchen 2023 Petruskirche,https://akg-kiel.de/nacht-der-kirchen-2023-petruskirche,WordPress REST + Sitemap,2022-09-07,2023-09-17,nein,archivieren,WordPress-Backup gemäß AKG-70; kein öffentlicher Redirect vorgesehen,noah.zepner@akg-kiel.de (Projektleitung/Koordination),AKG-53: redaktionelle Sammelentscheidung,Ausnahme nur bei begründetem aktuellem Bedarf; ohne Rückmeldung keine Migration,2026-10-02
3,Beitrag,NDK2021,https://akg-kiel.de/ndk2021,WordPress REST + Sitemap,2021-08-30,2021-09-22,nein,archivieren,WordPress-Backup gemäß AKG-70; kein öffentlicher Redirect vorgesehen,noah.zepner@akg-kiel.de (Projektleitung/Koordination),AKG-53: redaktionelle Sammelentscheidung,Ausnahme nur bei begründetem aktuellem Bedarf; ohne Rückmeldung keine Migration,2026-10-02
3,Beitrag,NDR Radiophilharmonie,https://akg-kiel.de/ndr-radiophilharmonie,WordPress REST + Sitemap,2024-04-05,2025-04-06,nein,extern verlinken,https://konzerte-petruskirche.de/programm/archiv,noah.zepner@akg-kiel.de (Projektleitung/Koordination),Website Konzerte + AKG-69,Einzelziel nur bei vorhandenem Archivdatensatz; sonst Archivübersicht,2027-02-19
3,Beitrag,"Neue Kirche, Kanzel, PaternerschaftsGoDi",https://akg-kiel.de/neue-kirche-kanzel-paternerschaftsgodi,WordPress REST + Sitemap,2014-08-15,2019-10-09,nein,archivieren,WordPress-Backup gemäß AKG-70; kein öffentlicher Redirect vorgesehen,noah.zepner@akg-kiel.de (Projektleitung/Koordination),AKG-53: redaktionelle Sammelentscheidung,Ausnahme nur bei begründetem aktuellem Bedarf; ohne Rückmeldung keine Migration,2026-10-02
3,Beitrag,Neue Videotechnik im Einsatz,https://akg-kiel.de/neue-videotechnik-im-einsatz,WordPress REST + Sitemap,2021-02-05,2024-01-08,nein,archivieren,WordPress-Backup gemäß AKG-70; kein öffentlicher Redirect vorgesehen,noah.zepner@akg-kiel.de (Projektleitung/Koordination),AKG-53: redaktionelle Sammelentscheidung,Ausnahme nur bei begründetem aktuellem Bedarf; ohne Rückmeldung keine Migration,2026-10-02
3,Beitrag,Neuer Pastor 2018,https://akg-kiel.de/neuer-pastor-2018,WordPress REST + Sitemap,2017-12-28,2019-09-18,nein,archivieren,WordPress-Backup gemäß AKG-70; kein öffentlicher Redirect vorgesehen,noah.zepner@akg-kiel.de (Projektleitung/Koordination),AKG-53: redaktionelle Sammelentscheidung,Ausnahme nur bei begründetem aktuellem Bedarf; ohne Rückmeldung keine Migration,2026-10-02
3,Beitrag,Neues aus dem KGR März 2023,https://akg-kiel.de/neues-aus-dem-kgr-maerz-2023,WordPress REST + Sitemap,2023-03-14,2023-04-01,nein,archivieren,WordPress-Backup gemäß AKG-70; kein öffentlicher Redirect vorgesehen,noah.zepner@akg-kiel.de (Projektleitung/Koordination),AKG-53: redaktionelle Sammelentscheidung,Ausnahme nur bei begründetem aktuellem Bedarf; ohne Rückmeldung keine Migration,2026-10-02
3,Beitrag,Neues aus der Eckernförder Straße 63,https://akg-kiel.de/neuesausderefoe,WordPress REST + Sitemap,2022-01-14,2024-01-08,nein,archivieren,WordPress-Backup gemäß AKG-70; kein öffentlicher Redirect vorgesehen,noah.zepner@akg-kiel.de (Projektleitung/Koordination),AKG-53: redaktionelle Sammelentscheidung,Ausnahme nur bei begründetem aktuellem Bedarf; ohne Rückmeldung keine Migration,2026-10-02
3,Beitrag,Neujahrskonzert,https://akg-kiel.de/neujahrskonzert,WordPress REST + Sitemap,2022-01-01,2022-03-09,nein,extern verlinken,https://konzerte-petruskirche.de/programm/archiv,noah.zepner@akg-kiel.de (Projektleitung/Koordination),Website Konzerte + AKG-69,Einzelziel nur bei vorhandenem Archivdatensatz; sonst Archivübersicht,2027-02-19
3,Beitrag,O Magnum Mysterium,https://akg-kiel.de/o-magnum-mysterium,WordPress REST + Sitemap,2022-12-19,2023-12-20,nein,extern verlinken,https://konzerte-petruskirche.de/programm/archiv,noah.zepner@akg-kiel.de (Projektleitung/Koordination),Website Konzerte + AKG-69,Einzelziel nur bei vorhandenem Archivdatensatz; sonst Archivübersicht,2027-02-19
3,Beitrag,Ökumenischer Pilgerweg,https://akg-kiel.de/oekumenischer-pilgerweg,WordPress REST + Sitemap,2021-08-11,2022-09-12,nein,archivieren,WordPress-Backup gemäß AKG-70; kein öffentlicher Redirect vorgesehen,noah.zepner@akg-kiel.de (Projektleitung/Koordination),AKG-53: redaktionelle Sammelentscheidung,Ausnahme nur bei begründetem aktuellem Bedarf; ohne Rückmeldung keine Migration,2026-10-02
3,Beitrag,ommersemesterkonzert des „Akademischen Orchesters an der CAU“,https://akg-kiel.de/ommersemesterkonzert-des-akademischen-orchesters-an-der-cau,WordPress REST + Sitemap,2024-06-16,2025-06-20,nein,extern verlinken,https://konzerte-petruskirche.de/programm/archiv,noah.zepner@akg-kiel.de (Projektleitung/Koordination),Website Konzerte + AKG-69,Einzelziel nur bei vorhandenem Archivdatensatz; sonst Archivübersicht,2027-02-19
3,Beitrag,Online-Kindergottesdienst vom 01.04.2020,https://akg-kiel.de/online-kindergottesdienst-vom-01-04-2020,WordPress REST + Sitemap,2020-04-02,2020-04-02,nein,archivieren,WordPress-Backup gemäß AKG-70; kein öffentlicher Redirect vorgesehen,noah.zepner@akg-kiel.de (Projektleitung/Koordination),AKG-53: redaktionelle Sammelentscheidung,Ausnahme nur bei begründetem aktuellem Bedarf; ohne Rückmeldung keine Migration,2026-10-02
3,Beitrag,Oper EXTRA ist zurück!,https://akg-kiel.de/oper-extra-ist-zurueck,WordPress REST + Sitemap,2021-10-21,2022-03-09,nein,extern verlinken,https://konzerte-petruskirche.de/programm/archiv,noah.zepner@akg-kiel.de (Projektleitung/Koordination),Website Konzerte + AKG-69,Einzelziel nur bei vorhandenem Archivdatensatz; sonst Archivübersicht,2027-02-19
3,Beitrag,Orange day,https://akg-kiel.de/orange-day,WordPress REST + Sitemap,2023-11-30,2023-11-30,nein,archivieren,WordPress-Backup gemäß AKG-70; kein öffentlicher Redirect vorgesehen,noah.zepner@akg-kiel.de (Projektleitung/Koordination),AKG-53: redaktionelle Sammelentscheidung,Ausnahme nur bei begründetem aktuellem Bedarf; ohne Rückmeldung keine Migration,2026-10-02
3,Beitrag,Parnerschaftsgruppe trifft sich wieder,https://akg-kiel.de/parnerschaftsgruppe-trifft-sich-wieder,WordPress REST + Sitemap,2022-08-31,2022-09-10,nein,archivieren,WordPress-Backup gemäß AKG-70; kein öffentlicher Redirect vorgesehen,noah.zepner@akg-kiel.de (Projektleitung/Koordination),AKG-53: redaktionelle Sammelentscheidung,Ausnahme nur bei begründetem aktuellem Bedarf; ohne Rückmeldung keine Migration,2026-10-02
3,Beitrag,Partnerschafts-Seminar am 3.1.2014 in Kimosonu,https://akg-kiel.de/partnerschafts-seminar-am-3-1-2014-in-kimosonu,WordPress REST + Sitemap,2014-02-24,2019-10-09,nein,archivieren,WordPress-Backup gemäß AKG-70; kein öffentlicher Redirect vorgesehen,noah.zepner@akg-kiel.de (Projektleitung/Koordination),AKG-53: redaktionelle Sammelentscheidung,Ausnahme nur bei begründetem aktuellem Bedarf; ohne Rückmeldung keine Migration,2026-10-02
3,Beitrag,Partnerschaftsgebet 2017,https://akg-kiel.de/partnerschaftsgebet-2017,WordPress REST + Sitemap,2017-09-10,2019-09-18,nein,archivieren,WordPress-Backup gemäß AKG-70; kein öffentlicher Redirect vorgesehen,noah.zepner@akg-kiel.de (Projektleitung/Koordination),AKG-53: redaktionelle Sammelentscheidung,Ausnahme nur bei begründetem aktuellem Bedarf; ohne Rückmeldung keine Migration,2026-10-02
3,Beitrag,Pastor Michael Szelinski ist wieder da!,https://akg-kiel.de/pastor-michael-szelinski-ist-wieder-da,WordPress REST + Sitemap,2022-07-06,2022-10-31,nein,archivieren,WordPress-Backup gemäß AKG-70; kein öffentlicher Redirect vorgesehen,noah.zepner@akg-kiel.de (Projektleitung/Koordination),AKG-53: redaktionelle Sammelentscheidung,Ausnahme nur bei begründetem aktuellem Bedarf; ohne Rückmeldung keine Migration,2026-10-02
3,Beitrag,Patenschaften für Kindergartenklasse in Kimosonu,https://akg-kiel.de/patenschaften-fuer-kindergartenklasse-in-kimosonu,WordPress REST + Sitemap,2023-06-30,2023-08-16,nein,archivieren,WordPress-Backup gemäß AKG-70; kein öffentlicher Redirect vorgesehen,noah.zepner@akg-kiel.de (Projektleitung/Koordination),AKG-53: redaktionelle Sammelentscheidung,Ausnahme nur bei begründetem aktuellem Bedarf; ohne Rückmeldung keine Migration,2026-10-02
3,Beitrag,Peter Orloff & der Schwarzmeer Kosaken-Chor,https://akg-kiel.de/peter-orloff-der-schwarzmeer-kosaken-chor,WordPress REST + Sitemap,2025-03-25,2026-08-27,nein,extern verlinken,https://konzerte-petruskirche.de/programm/archiv,noah.zepner@akg-kiel.de (Projektleitung/Koordination),Website Konzerte + AKG-69,Einzelziel nur bei vorhandenem Archivdatensatz; sonst Archivübersicht,2027-02-19
3,Beitrag,Pfadfinder Sommerlager 2024,https://akg-kiel.de/pfadfinder-sommerlager-2024,WordPress REST + Sitemap,2024-09-23,2024-11-02,nein,archivieren,WordPress-Backup gemäß AKG-70; kein öffentlicher Redirect vorgesehen,noah.zepner@akg-kiel.de (Projektleitung/Koordination),AKG-53: redaktionelle Sammelentscheidung,Ausnahme nur bei begründetem aktuellem Bedarf; ohne Rückmeldung keine Migration,2026-10-02
3,Beitrag,Pfingstkonzert mit Benjamin Gunst,https://akg-kiel.de/pfingstkonzert-mit-benjamin-gunst,WordPress REST + Sitemap,2024-06-06,2025-06-11,nein,extern verlinken,https://konzerte-petruskirche.de/programm/archiv,noah.zepner@akg-kiel.de (Projektleitung/Koordination),Website Konzerte + AKG-69,Einzelziel nur bei vorhandenem Archivdatensatz; sonst Archivübersicht,2027-02-19
3,Beitrag,Pfingstlager,https://akg-kiel.de/pfingstlager,WordPress REST + Sitemap,2023-06-13,2023-06-15,nein,archivieren,WordPress-Backup gemäß AKG-70; kein öffentlicher Redirect vorgesehen,noah.zepner@akg-kiel.de (Projektleitung/Koordination),AKG-53: redaktionelle Sammelentscheidung,Ausnahme nur bei begründetem aktuellem Bedarf; ohne Rückmeldung keine Migration,2026-10-02
3,Beitrag,Pfingstlager 2022,https://akg-kiel.de/pfingstlager-2022,WordPress REST + Sitemap,2022-06-09,2022-06-09,nein,archivieren,WordPress-Backup gemäß AKG-70; kein öffentlicher Redirect vorgesehen,noah.zepner@akg-kiel.de (Projektleitung/Koordination),AKG-53: redaktionelle Sammelentscheidung,Ausnahme nur bei begründetem aktuellem Bedarf; ohne Rückmeldung keine Migration,2026-10-02
3,Beitrag,Phil Harmonie,https://akg-kiel.de/phil-harmonie,WordPress REST + Sitemap,2022-11-15,2023-11-16,nein,extern verlinken,https://konzerte-petruskirche.de/programm/archiv,noah.zepner@akg-kiel.de (Projektleitung/Koordination),Website Konzerte + AKG-69,Einzelziel nur bei vorhandenem Archivdatensatz; sonst Archivübersicht,2027-02-19
3,Beitrag,Philharmonie der Solisten,https://akg-kiel.de/philharmonie-der-solisten,WordPress REST + Sitemap,2021-08-28,2022-03-09,nein,extern verlinken,https://konzerte-petruskirche.de/programm/archiv,noah.zepner@akg-kiel.de (Projektleitung/Koordination),Website Konzerte + AKG-69,Einzelziel nur bei vorhandenem Archivdatensatz; sonst Archivübersicht,2027-02-19
3,Beitrag,Philharmonie der Solisten,https://akg-kiel.de/philharmonie-der-solisten-2,WordPress REST + Sitemap,2021-10-09,2022-03-09,nein,extern verlinken,https://konzerte-petruskirche.de/programm/archiv,noah.zepner@akg-kiel.de (Projektleitung/Koordination),Website Konzerte + AKG-69,Einzelziel nur bei vorhandenem Archivdatensatz; sonst Archivübersicht,2027-02-19
3,Beitrag,Philharmonie der Solisten,https://akg-kiel.de/philharmonie-der-solisten-3,WordPress REST + Sitemap,2022-04-10,2022-04-19,nein,extern verlinken,https://konzerte-petruskirche.de/programm/archiv,noah.zepner@akg-kiel.de (Projektleitung/Koordination),Website Konzerte + AKG-69,Einzelziel nur bei vorhandenem Archivdatensatz; sonst Archivübersicht,2027-02-19
3,Beitrag,Pilau – das Originalrezept aus Kimosonu,https://akg-kiel.de/pilau-das-originalrezept-aus-kimosonu,WordPress REST + Sitemap,2023-09-24,2024-03-03,nein,archivieren,WordPress-Backup gemäß AKG-70; kein öffentlicher Redirect vorgesehen,noah.zepner@akg-kiel.de (Projektleitung/Koordination),AKG-53: redaktionelle Sammelentscheidung,Ausnahme nur bei begründetem aktuellem Bedarf; ohne Rückmeldung keine Migration,2026-10-02
3,Beitrag,Pilgerherberge,https://akg-kiel.de/pilgerherberge,WordPress REST + Sitemap,2021-05-16,2022-06-29,nein,archivieren,WordPress-Backup gemäß AKG-70; kein öffentlicher Redirect vorgesehen,noah.zepner@akg-kiel.de (Projektleitung/Koordination),AKG-53: redaktionelle Sammelentscheidung,Ausnahme nur bei begründetem aktuellem Bedarf; ohne Rückmeldung keine Migration,2026-10-02
3,Beitrag,PIMP MY EFÖ,https://akg-kiel.de/pimp-my-efoe,WordPress REST + Sitemap,2021-10-19,2022-10-01,nein,archivieren,WordPress-Backup gemäß AKG-70; kein öffentlicher Redirect vorgesehen,noah.zepner@akg-kiel.de (Projektleitung/Koordination),AKG-53: redaktionelle Sammelentscheidung,Ausnahme nur bei begründetem aktuellem Bedarf; ohne Rückmeldung keine Migration,2026-10-02
3,Beitrag,Predigtreihe Flath Altar in der Petruskirche,https://akg-kiel.de/predigtreihe-flath-altar-in-der-petruskirche,WordPress REST + Sitemap,2020-04-02,2021-07-02,nein,archivieren,WordPress-Backup gemäß AKG-70; kein öffentlicher Redirect vorgesehen,noah.zepner@akg-kiel.de (Projektleitung/Koordination),AKG-53: redaktionelle Sammelentscheidung,Ausnahme nur bei begründetem aktuellem Bedarf; ohne Rückmeldung keine Migration,2026-10-02
3,Beitrag,Predigtreihe Gleichnisse Jesu,https://akg-kiel.de/predigtreihe-gelichnisse-jesu,WordPress REST + Sitemap,2020-04-02,2021-02-03,nein,archivieren,WordPress-Backup gemäß AKG-70; kein öffentlicher Redirect vorgesehen,noah.zepner@akg-kiel.de (Projektleitung/Koordination),AKG-53: redaktionelle Sammelentscheidung,Ausnahme nur bei begründetem aktuellem Bedarf; ohne Rückmeldung keine Migration,2026-10-02
3,Beitrag,Predigtreihe Jona,https://akg-kiel.de/predigtreihe-jona,WordPress REST + Sitemap,2020-05-04,2021-02-27,nein,archivieren,WordPress-Backup gemäß AKG-70; kein öffentlicher Redirect vorgesehen,noah.zepner@akg-kiel.de (Projektleitung/Koordination),AKG-53: redaktionelle Sammelentscheidung,Ausnahme nur bei begründetem aktuellem Bedarf; ohne Rückmeldung keine Migration,2026-10-02
3,Beitrag,Predigtreihe Wüstenzeiten,https://akg-kiel.de/predigtreihe-wuestenzeiten,WordPress REST + Sitemap,2020-04-02,2021-02-03,nein,archivieren,WordPress-Backup gemäß AKG-70; kein öffentlicher Redirect vorgesehen,noah.zepner@akg-kiel.de (Projektleitung/Koordination),AKG-53: redaktionelle Sammelentscheidung,Ausnahme nur bei begründetem aktuellem Bedarf; ohne Rückmeldung keine Migration,2026-10-02
3,Beitrag,Preisträgerkonzert,https://akg-kiel.de/preistraegerkonzert,WordPress REST + Sitemap,2022-02-18,2023-02-20,nein,extern verlinken,https://konzerte-petruskirche.de/programm/archiv,noah.zepner@akg-kiel.de (Projektleitung/Koordination),Website Konzerte + AKG-69,Einzelziel nur bei vorhandenem Archivdatensatz; sonst Archivübersicht,2027-02-19
3,Beitrag,Preisträgerkonzert,https://akg-kiel.de/preistraegerkonzert-2,WordPress REST + Sitemap,2023-02-10,2024-02-14,nein,extern verlinken,https://konzerte-petruskirche.de/programm/archiv,noah.zepner@akg-kiel.de (Projektleitung/Koordination),Website Konzerte + AKG-69,Einzelziel nur bei vorhandenem Archivdatensatz; sonst Archivübersicht,2027-02-19
3,Beitrag,Preisträgerkonzert,https://akg-kiel.de/preistraegerkonzert-3,WordPress REST + Sitemap,2024-02-08,2025-02-11,nein,extern verlinken,https://konzerte-petruskirche.de/programm/archiv,noah.zepner@akg-kiel.de (Projektleitung/Koordination),Website Konzerte + AKG-69,Einzelziel nur bei vorhandenem Archivdatensatz; sonst Archivübersicht,2027-02-19
3,Beitrag,PresseinformationAngelika Milster auf Kirchenkonzert-Tournee,https://akg-kiel.de/presseinformationangelika-milster-auf-kirchenkonzert-tournee,WordPress REST + Sitemap,2025-02-07,2026-03-11,nein,extern verlinken,https://konzerte-petruskirche.de/programm/archiv,noah.zepner@akg-kiel.de (Projektleitung/Koordination),Website Konzerte + AKG-69,Einzelziel nur bei vorhandenem Archivdatensatz; sonst Archivübersicht,2027-02-19
3,Beitrag,Projektorchester,https://akg-kiel.de/projektorchester,WordPress REST + Sitemap,2022-04-02,2023-04-03,nein,extern verlinken,https://konzerte-petruskirche.de/programm/archiv,noah.zepner@akg-kiel.de (Projektleitung/Koordination),Website Konzerte + AKG-69,Einzelziel nur bei vorhandenem Archivdatensatz; sonst Archivübersicht,2027-02-19
3,Beitrag,Quartiers-Flohmarkt bringt Menschen zusammen,https://akg-kiel.de/quartiers-flohmarkt-bringt-menschen-zusammen,WordPress REST + Sitemap,2022-07-20,2022-07-27,nein,archivieren,WordPress-Backup gemäß AKG-70; kein öffentlicher Redirect vorgesehen,noah.zepner@akg-kiel.de (Projektleitung/Koordination),AKG-53: redaktionelle Sammelentscheidung,Ausnahme nur bei begründetem aktuellem Bedarf; ohne Rückmeldung keine Migration,2026-10-02
3,Beitrag,Rebekka Bakken,https://akg-kiel.de/rebekka-bakken,WordPress REST + Sitemap,2022-08-08,2023-08-10,nein,extern verlinken,https://konzerte-petruskirche.de/programm/archiv,noah.zepner@akg-kiel.de (Projektleitung/Koordination),Website Konzerte + AKG-69,Einzelziel nur bei vorhandenem Archivdatensatz; sonst Archivübersicht,2027-02-19
3,Beitrag,Regen – Nothilfe – Mitarbeit,https://akg-kiel.de/regen-nothilfe-mitarbeit,WordPress REST + Sitemap,2023-03-31,2023-08-16,nein,archivieren,WordPress-Backup gemäß AKG-70; kein öffentlicher Redirect vorgesehen,noah.zepner@akg-kiel.de (Projektleitung/Koordination),AKG-53: redaktionelle Sammelentscheidung,Ausnahme nur bei begründetem aktuellem Bedarf; ohne Rückmeldung keine Migration,2026-10-02
3,Beitrag,Regen und Grüße an die Kinder,https://akg-kiel.de/regen-und-gruesse-an-die-kinder,WordPress REST + Sitemap,2014-05-09,2019-10-09,nein,archivieren,WordPress-Backup gemäß AKG-70; kein öffentlicher Redirect vorgesehen,noah.zepner@akg-kiel.de (Projektleitung/Koordination),AKG-53: redaktionelle Sammelentscheidung,Ausnahme nur bei begründetem aktuellem Bedarf; ohne Rückmeldung keine Migration,2026-10-02
3,Beitrag,Reise mit den Partnern nach Wittenberg,https://akg-kiel.de/reise-mit-den-partnern-nach-wittenberg,WordPress REST + Sitemap,2015-12-02,2019-10-09,nein,archivieren,WordPress-Backup gemäß AKG-70; kein öffentlicher Redirect vorgesehen,noah.zepner@akg-kiel.de (Projektleitung/Koordination),AKG-53: redaktionelle Sammelentscheidung,Ausnahme nur bei begründetem aktuellem Bedarf; ohne Rückmeldung keine Migration,2026-10-02
3,Beitrag,Reisevorbereitungen,https://akg-kiel.de/reisevorbereitungen,WordPress REST + Sitemap,2013-10-19,2019-10-09,nein,archivieren,WordPress-Backup gemäß AKG-70; kein öffentlicher Redirect vorgesehen,noah.zepner@akg-kiel.de (Projektleitung/Koordination),AKG-53: redaktionelle Sammelentscheidung,Ausnahme nur bei begründetem aktuellem Bedarf; ohne Rückmeldung keine Migration,2026-10-02
3,Beitrag,Robert Schumann,https://akg-kiel.de/robert-schumann,WordPress REST + Sitemap,2022-07-04,2023-07-09,nein,extern verlinken,https://konzerte-petruskirche.de/programm/archiv,noah.zepner@akg-kiel.de (Projektleitung/Koordination),Website Konzerte + AKG-69,Einzelziel nur bei vorhandenem Archivdatensatz; sonst Archivübersicht,2027-02-19
3,Beitrag,Roman Knižka & OPUS 45,https://akg-kiel.de/roman-knizka-opus-45,WordPress REST + Sitemap,2024-04-04,2025-04-06,nein,extern verlinken,https://konzerte-petruskirche.de/programm/archiv,noah.zepner@akg-kiel.de (Projektleitung/Koordination),Website Konzerte + AKG-69,Einzelziel nur bei vorhandenem Archivdatensatz; sonst Archivübersicht,2027-02-19
3,Beitrag,romantische musik,https://akg-kiel.de/romantische-musik,WordPress REST + Sitemap,2022-08-25,2023-08-26,nein,extern verlinken,https://konzerte-petruskirche.de/programm/archiv,noah.zepner@akg-kiel.de (Projektleitung/Koordination),Website Konzerte + AKG-69,Einzelziel nur bei vorhandenem Archivdatensatz; sonst Archivübersicht,2027-02-19
3,Beitrag,Ronnefeld-Preis,https://akg-kiel.de/ronnefeld-preis,WordPress REST + Sitemap,2022-06-24,2023-06-28,nein,extern verlinken,https://konzerte-petruskirche.de/programm/archiv,noah.zepner@akg-kiel.de (Projektleitung/Koordination),Website Konzerte + AKG-69,Einzelziel nur bei vorhandenem Archivdatensatz; sonst Archivübersicht,2027-02-19
3,Beitrag,S E M E S T E R KO N Z E RT,https://akg-kiel.de/s-e-m-e-s-t-e-r-ko-n-z-e-rt,WordPress REST + Sitemap,2023-06-18,2024-06-22,nein,extern verlinken,https://konzerte-petruskirche.de/programm/archiv,noah.zepner@akg-kiel.de (Projektleitung/Koordination),Website Konzerte + AKG-69,Einzelziel nur bei vorhandenem Archivdatensatz; sonst Archivübersicht,2027-02-19
3,Beitrag,Stadteilflohmarkt wir sind dabei,https://akg-kiel.de/sadteilflohmarkt-wir-sind-dabei,WordPress REST + Sitemap,2021-06-10,2022-07-04,nein,archivieren,WordPress-Backup gemäß AKG-70; kein öffentlicher Redirect vorgesehen,noah.zepner@akg-kiel.de (Projektleitung/Koordination),AKG-53: redaktionelle Sammelentscheidung,Ausnahme nur bei begründetem aktuellem Bedarf; ohne Rückmeldung keine Migration,2026-10-02
3,Beitrag,Anmeldung Adventsfreizeit 2023,https://akg-kiel.de/safe-the-date-adventsfreizeit-2023,WordPress REST + Sitemap,2023-10-18,2023-12-12,nein,archivieren,WordPress-Backup gemäß AKG-70; kein öffentlicher Redirect vorgesehen,noah.zepner@akg-kiel.de (Projektleitung/Koordination),AKG-53: redaktionelle Sammelentscheidung,Ausnahme nur bei begründetem aktuellem Bedarf; ohne Rückmeldung keine Migration,2026-10-02
3,Beitrag,Schwarzes Brett der akg-kiel,https://akg-kiel.de/schwarzes-brett-der-akg-kiel,WordPress REST + Sitemap,2021-06-05,2021-06-06,nein,archivieren,WordPress-Backup gemäß AKG-70; kein öffentlicher Redirect vorgesehen,noah.zepner@akg-kiel.de (Projektleitung/Koordination),AKG-53: redaktionelle Sammelentscheidung,Ausnahme nur bei begründetem aktuellem Bedarf; ohne Rückmeldung keine Migration,2026-10-02
3,Beitrag,Semesterkonzert,https://akg-kiel.de/semesterkonzert,WordPress REST + Sitemap,2025-06-17,2026-08-27,nein,extern verlinken,https://konzerte-petruskirche.de/programm/archiv,noah.zepner@akg-kiel.de (Projektleitung/Koordination),Website Konzerte + AKG-69,Einzelziel nur bei vorhandenem Archivdatensatz; sonst Archivübersicht,2027-02-19
3,Beitrag,Seniorenausflug,https://akg-kiel.de/seniorenausflug,WordPress REST + Sitemap,2021-10-16,2022-10-22,nein,archivieren,WordPress-Backup gemäß AKG-70; kein öffentlicher Redirect vorgesehen,noah.zepner@akg-kiel.de (Projektleitung/Koordination),AKG-53: redaktionelle Sammelentscheidung,Ausnahme nur bei begründetem aktuellem Bedarf; ohne Rückmeldung keine Migration,2026-10-02
3,Beitrag,SHMD Midori Seiler & »Concerto Köln«,https://akg-kiel.de/shmd-midori-seiler-concerto-koeln,WordPress REST + Sitemap,2023-08-24,2024-09-02,nein,extern verlinken,https://konzerte-petruskirche.de/programm/archiv,noah.zepner@akg-kiel.de (Projektleitung/Koordination),Website Konzerte + AKG-69,Einzelziel nur bei vorhandenem Archivdatensatz; sonst Archivübersicht,2027-02-19
3,Beitrag,SHMF Asya Fateyeva,https://akg-kiel.de/shmf-asya-fateyeva,WordPress REST + Sitemap,2023-08-02,2024-08-08,nein,extern verlinken,https://konzerte-petruskirche.de/programm/archiv,noah.zepner@akg-kiel.de (Projektleitung/Koordination),Website Konzerte + AKG-69,Einzelziel nur bei vorhandenem Archivdatensatz; sonst Archivübersicht,2027-02-19
3,Beitrag,"SHMF, Grigory Sokolov",https://akg-kiel.de/shmf-grigory-sokolov,WordPress REST + Sitemap,2023-08-07,2024-08-08,nein,extern verlinken,https://konzerte-petruskirche.de/programm/archiv,noah.zepner@akg-kiel.de (Projektleitung/Koordination),Website Konzerte + AKG-69,Einzelziel nur bei vorhandenem Archivdatensatz; sonst Archivübersicht,2027-02-19
3,Beitrag,"SHMF, Sabine Meyer",https://akg-kiel.de/shmf-sabine-meyer,WordPress REST + Sitemap,2023-08-10,2024-08-19,nein,extern verlinken,https://konzerte-petruskirche.de/programm/archiv,noah.zepner@akg-kiel.de (Projektleitung/Koordination),Website Konzerte + AKG-69,Einzelziel nur bei vorhandenem Archivdatensatz; sonst Archivübersicht,2027-02-19
3,Beitrag,SHMF Venice Baroque Orchestra,https://akg-kiel.de/shmf-venice-baroque-orchestra,WordPress REST + Sitemap,2023-07-19,2024-07-29,nein,extern verlinken,https://konzerte-petruskirche.de/programm/archiv,noah.zepner@akg-kiel.de (Projektleitung/Koordination),Website Konzerte + AKG-69,Einzelziel nur bei vorhandenem Archivdatensatz; sonst Archivübersicht,2027-02-19
3,Beitrag,SHMF Villazon,https://akg-kiel.de/shmf-villazon,WordPress REST + Sitemap,2023-08-30,2024-09-02,nein,extern verlinken,https://konzerte-petruskirche.de/programm/archiv,noah.zepner@akg-kiel.de (Projektleitung/Koordination),Website Konzerte + AKG-69,Einzelziel nur bei vorhandenem Archivdatensatz; sonst Archivübersicht,2027-02-19
3,Beitrag,Sie waren da,https://akg-kiel.de/sie-waren-da,WordPress REST + Sitemap,2016-09-16,2019-10-09,nein,archivieren,WordPress-Backup gemäß AKG-70; kein öffentlicher Redirect vorgesehen,noah.zepner@akg-kiel.de (Projektleitung/Koordination),AKG-53: redaktionelle Sammelentscheidung,Ausnahme nur bei begründetem aktuellem Bedarf; ohne Rückmeldung keine Migration,2026-10-02
3,Beitrag,Sinfonieorchester am Ernst-Barlach-Gymnasium,https://akg-kiel.de/sinfonieorchester-am-ernst-barlach-gymnasium,WordPress REST + Sitemap,2023-06-15,2024-06-18,nein,extern verlinken,https://konzerte-petruskirche.de/programm/archiv,noah.zepner@akg-kiel.de (Projektleitung/Koordination),Website Konzerte + AKG-69,Einzelziel nur bei vorhandenem Archivdatensatz; sonst Archivübersicht,2027-02-19
3,Beitrag,Sjaella,https://akg-kiel.de/sjaella,WordPress REST + Sitemap,2022-04-25,2022-09-12,nein,extern verlinken,https://konzerte-petruskirche.de/programm/archiv,noah.zepner@akg-kiel.de (Projektleitung/Koordination),Website Konzerte + AKG-69,Einzelziel nur bei vorhandenem Archivdatensatz; sonst Archivübersicht,2027-02-19
3,Beitrag,sokolov,https://akg-kiel.de/sokolov,WordPress REST + Sitemap,2022-07-12,2023-07-14,nein,extern verlinken,https://konzerte-petruskirche.de/programm/archiv,noah.zepner@akg-kiel.de (Projektleitung/Koordination),Website Konzerte + AKG-69,Einzelziel nur bei vorhandenem Archivdatensatz; sonst Archivübersicht,2027-02-19
3,Beitrag,Sol Gabetta,https://akg-kiel.de/sol-gabetta,WordPress REST + Sitemap,2024-08-26,2025-02-28,nein,extern verlinken,https://konzerte-petruskirche.de/programm/archiv,noah.zepner@akg-kiel.de (Projektleitung/Koordination),Website Konzerte + AKG-69,Einzelziel nur bei vorhandenem Archivdatensatz; sonst Archivübersicht,2027-02-19
3,Beitrag,Solistinnenwettbewerb Peter Ronnefeld-Preise,https://akg-kiel.de/solistinnenwettbewerb-peter-ronnefeld-preise,WordPress REST + Sitemap,2021-04-23,2022-04-27,nein,extern verlinken,https://konzerte-petruskirche.de/programm/archiv,noah.zepner@akg-kiel.de (Projektleitung/Koordination),Website Konzerte + AKG-69,Einzelziel nur bei vorhandenem Archivdatensatz; sonst Archivübersicht,2027-02-19
3,Beitrag,Sommerlager Knivsberg,https://akg-kiel.de/sommerlager-knivsberg,WordPress REST + Sitemap,2023-07-26,2023-07-26,nein,archivieren,WordPress-Backup gemäß AKG-70; kein öffentlicher Redirect vorgesehen,noah.zepner@akg-kiel.de (Projektleitung/Koordination),AKG-53: redaktionelle Sammelentscheidung,Ausnahme nur bei begründetem aktuellem Bedarf; ohne Rückmeldung keine Migration,2026-10-02
3,Beitrag,speak to me – A Tribute to Pink Floyd,https://akg-kiel.de/speak-to-me-a-tribute-to-pink-floyd,WordPress REST + Sitemap,2023-11-23,2024-11-28,nein,extern verlinken,https://konzerte-petruskirche.de/programm/archiv,noah.zepner@akg-kiel.de (Projektleitung/Koordination),Website Konzerte + AKG-69,Einzelziel nur bei vorhandenem Archivdatensatz; sonst Archivübersicht,2027-02-19
3,Beitrag,Spielzeug für Kinder in Kimosonu,https://akg-kiel.de/spielzeug-fuer-kinder-in-kimosonu,WordPress REST + Sitemap,2013-08-09,2020-03-31,nein,archivieren,WordPress-Backup gemäß AKG-70; kein öffentlicher Redirect vorgesehen,noah.zepner@akg-kiel.de (Projektleitung/Koordination),AKG-53: redaktionelle Sammelentscheidung,Ausnahme nur bei begründetem aktuellem Bedarf; ohne Rückmeldung keine Migration,2026-10-02
3,Beitrag,Spielzeug IN Kimosonu,https://akg-kiel.de/spielzeug-in-kimosonu,WordPress REST + Sitemap,2014-02-09,2019-10-09,nein,archivieren,WordPress-Backup gemäß AKG-70; kein öffentlicher Redirect vorgesehen,noah.zepner@akg-kiel.de (Projektleitung/Koordination),AKG-53: redaktionelle Sammelentscheidung,Ausnahme nur bei begründetem aktuellem Bedarf; ohne Rückmeldung keine Migration,2026-10-02
3,Beitrag,Sponsorenlauf für die Jugend,https://akg-kiel.de/sponsorenlauf-fuer-die-jugend,WordPress REST + Sitemap,2021-05-28,2022-06-26,nein,archivieren,WordPress-Backup gemäß AKG-70; kein öffentlicher Redirect vorgesehen,noah.zepner@akg-kiel.de (Projektleitung/Koordination),AKG-53: redaktionelle Sammelentscheidung,Ausnahme nur bei begründetem aktuellem Bedarf; ohne Rückmeldung keine Migration,2026-10-02
3,Beitrag,Stadtteilfest der Bericht,https://akg-kiel.de/stadtteilfest-der-bericht,WordPress REST + Sitemap,2023-07-26,2023-09-30,nein,archivieren,WordPress-Backup gemäß AKG-70; kein öffentlicher Redirect vorgesehen,noah.zepner@akg-kiel.de (Projektleitung/Koordination),AKG-53: redaktionelle Sammelentscheidung,Ausnahme nur bei begründetem aktuellem Bedarf; ohne Rückmeldung keine Migration,2026-10-02
3,Beitrag,Starkregen in Kimosonu,https://akg-kiel.de/starkregen-in-kimosonu,WordPress REST + Sitemap,2016-02-02,2019-10-09,nein,archivieren,WordPress-Backup gemäß AKG-70; kein öffentlicher Redirect vorgesehen,noah.zepner@akg-kiel.de (Projektleitung/Koordination),AKG-53: redaktionelle Sammelentscheidung,Ausnahme nur bei begründetem aktuellem Bedarf; ohne Rückmeldung keine Migration,2026-10-02
3,Beitrag,Stellenausschreibungen Büro,https://akg-kiel.de/stellenausschreibungen-buero,WordPress REST + Sitemap,2026-08-25,2026-08-25,nein,archivieren,WordPress-Backup gemäß AKG-70; kein öffentlicher Redirect vorgesehen,noah.zepner@akg-kiel.de (Projektleitung/Koordination),AKG-53: redaktionelle Sammelentscheidung,Ausnahme nur bei begründetem aktuellem Bedarf; ohne Rückmeldung keine Migration,2026-10-02
3,Beitrag,Sternsinger – Apostel macht mit,https://akg-kiel.de/sternsinger-apostel-macht-mit,WordPress REST + Sitemap,2022-11-12,2024-01-08,nein,archivieren,WordPress-Backup gemäß AKG-70; kein öffentlicher Redirect vorgesehen,noah.zepner@akg-kiel.de (Projektleitung/Koordination),AKG-53: redaktionelle Sammelentscheidung,Ausnahme nur bei begründetem aktuellem Bedarf; ohne Rückmeldung keine Migration,2026-10-02
3,Beitrag,storytelling,https://akg-kiel.de/storytelling,WordPress REST + Sitemap,2023-10-12,2024-10-15,nein,extern verlinken,https://konzerte-petruskirche.de/programm/archiv,noah.zepner@akg-kiel.de (Projektleitung/Koordination),Website Konzerte + AKG-69,Einzelziel nur bei vorhandenem Archivdatensatz; sonst Archivübersicht,2027-02-19
3,Beitrag,The best of Harlem Gospel,https://akg-kiel.de/the-best-of-harlem-gospel,WordPress REST + Sitemap,2022-01-21,2023-01-24,nein,extern verlinken,https://konzerte-petruskirche.de/programm/archiv,noah.zepner@akg-kiel.de (Projektleitung/Koordination),Website Konzerte + AKG-69,Einzelziel nur bei vorhandenem Archivdatensatz; sonst Archivübersicht,2027-02-19
3,Beitrag,The BEST OF HARLEM GOSPEL,https://akg-kiel.de/the-best-of-harlem-gospel-2,WordPress REST + Sitemap,2023-01-11,2024-01-17,nein,extern verlinken,https://konzerte-petruskirche.de/programm/archiv,noah.zepner@akg-kiel.de (Projektleitung/Koordination),Website Konzerte + AKG-69,Einzelziel nur bei vorhandenem Archivdatensatz; sonst Archivübersicht,2027-02-19
3,Beitrag,THE CELTIC SPIRIT,https://akg-kiel.de/the-celtic-spirit,WordPress REST + Sitemap,2022-12-03,2023-12-05,nein,extern verlinken,https://konzerte-petruskirche.de/programm/archiv,noah.zepner@akg-kiel.de (Projektleitung/Koordination),Website Konzerte + AKG-69,Einzelziel nur bei vorhandenem Archivdatensatz; sonst Archivübersicht,2027-02-19
3,Beitrag,THE CELTIC SPIRIT – A CELTIC CHRISTMAS,https://akg-kiel.de/the-celtic-spirit-a-celtic-christmas,WordPress REST + Sitemap,2023-11-30,2024-12-03,nein,extern verlinken,https://konzerte-petruskirche.de/programm/archiv,noah.zepner@akg-kiel.de (Projektleitung/Koordination),Website Konzerte + AKG-69,Einzelziel nur bei vorhandenem Archivdatensatz; sonst Archivübersicht,2027-02-19
3,Beitrag,The Messiah,https://akg-kiel.de/the-messiah,WordPress REST + Sitemap,2021-12-02,2022-12-04,nein,extern verlinken,https://konzerte-petruskirche.de/programm/archiv,noah.zepner@akg-kiel.de (Projektleitung/Koordination),Website Konzerte + AKG-69,Einzelziel nur bei vorhandenem Archivdatensatz; sonst Archivübersicht,2027-02-19
3,Beitrag,Theater Kiel – Phil Harmonie,https://akg-kiel.de/theater-kiel-phil-harmonie,WordPress REST + Sitemap,2025-03-11,2026-03-17,nein,extern verlinken,https://konzerte-petruskirche.de/programm/archiv,noah.zepner@akg-kiel.de (Projektleitung/Koordination),Website Konzerte + AKG-69,Einzelziel nur bei vorhandenem Archivdatensatz; sonst Archivübersicht,2027-02-19
3,Beitrag,TKKG 2025,https://akg-kiel.de/tkkg-2025,WordPress REST + Sitemap,2024-01-18,2025-01-19,nein,extern verlinken,https://konzerte-petruskirche.de/programm/archiv,noah.zepner@akg-kiel.de (Projektleitung/Koordination),Website Konzerte + AKG-69,Einzelziel nur bei vorhandenem Archivdatensatz; sonst Archivübersicht,2027-02-19
3,Beitrag,Törn 2022 der Bericht,https://akg-kiel.de/toern-2022,WordPress REST + Sitemap,2022-08-13,2022-08-14,nein,archivieren,WordPress-Backup gemäß AKG-70; kein öffentlicher Redirect vorgesehen,noah.zepner@akg-kiel.de (Projektleitung/Koordination),AKG-53: redaktionelle Sammelentscheidung,Ausnahme nur bei begründetem aktuellem Bedarf; ohne Rückmeldung keine Migration,2026-10-02
3,Beitrag,Trainee 26-27,https://akg-kiel.de/trainee-26-27,WordPress REST + Sitemap,2026-04-23,2026-06-05,nein,archivieren,WordPress-Backup gemäß AKG-70; kein öffentlicher Redirect vorgesehen,noah.zepner@akg-kiel.de (Projektleitung/Koordination),AKG-53: redaktionelle Sammelentscheidung,Ausnahme nur bei begründetem aktuellem Bedarf; ohne Rückmeldung keine Migration,2026-10-02
3,Beitrag,Trauer-Kerzen-Schale in Petruskirche,https://akg-kiel.de/trauer-kerzen-schale-in-petruskirche,WordPress REST + Sitemap,2022-12-20,2023-01-03,nein,archivieren,WordPress-Backup gemäß AKG-70; kein öffentlicher Redirect vorgesehen,noah.zepner@akg-kiel.de (Projektleitung/Koordination),AKG-53: redaktionelle Sammelentscheidung,Ausnahme nur bei begründetem aktuellem Bedarf; ohne Rückmeldung keine Migration,2026-10-02
3,Beitrag,U4-KiGo,https://akg-kiel.de/u4-kigo,WordPress REST + Sitemap,2022-03-11,2022-10-01,nein,archivieren,WordPress-Backup gemäß AKG-70; kein öffentlicher Redirect vorgesehen,noah.zepner@akg-kiel.de (Projektleitung/Koordination),AKG-53: redaktionelle Sammelentscheidung,Ausnahme nur bei begründetem aktuellem Bedarf; ohne Rückmeldung keine Migration,2026-10-02
3,Beitrag,U4-KiGo,https://akg-kiel.de/u4-kigo-2,WordPress REST + Sitemap,2022-09-09,2022-10-09,nein,archivieren,WordPress-Backup gemäß AKG-70; kein öffentlicher Redirect vorgesehen,noah.zepner@akg-kiel.de (Projektleitung/Koordination),AKG-53: redaktionelle Sammelentscheidung,Ausnahme nur bei begründetem aktuellem Bedarf; ohne Rückmeldung keine Migration,2026-10-02
3,Beitrag,Ulrich Tukur,https://akg-kiel.de/ulrich-tukur,WordPress REST + Sitemap,2023-07-12,2024-07-16,nein,extern verlinken,https://konzerte-petruskirche.de/programm/archiv,noah.zepner@akg-kiel.de (Projektleitung/Koordination),Website Konzerte + AKG-69,Einzelziel nur bei vorhandenem Archivdatensatz; sonst Archivübersicht,2027-02-19
3,Beitrag,UNI Kammerorchester,https://akg-kiel.de/uni-kammerorchester,WordPress REST + Sitemap,2022-06-09,2023-06-16,nein,extern verlinken,https://konzerte-petruskirche.de/programm/archiv,noah.zepner@akg-kiel.de (Projektleitung/Koordination),Website Konzerte + AKG-69,Einzelziel nur bei vorhandenem Archivdatensatz; sonst Archivübersicht,2027-02-19
3,Beitrag,UNI Semesterkonzert,https://akg-kiel.de/uni-semesterkonzert,WordPress REST + Sitemap,2023-01-23,2024-02-01,nein,extern verlinken,https://konzerte-petruskirche.de/programm/archiv,noah.zepner@akg-kiel.de (Projektleitung/Koordination),Website Konzerte + AKG-69,Einzelziel nur bei vorhandenem Archivdatensatz; sonst Archivübersicht,2027-02-19
3,Beitrag,Update aus Amerika!,https://akg-kiel.de/update-aus-amerika,WordPress REST + Sitemap,2023-02-15,2023-07-29,nein,archivieren,WordPress-Backup gemäß AKG-70; kein öffentlicher Redirect vorgesehen,noah.zepner@akg-kiel.de (Projektleitung/Koordination),AKG-53: redaktionelle Sammelentscheidung,Ausnahme nur bei begründetem aktuellem Bedarf; ohne Rückmeldung keine Migration,2026-10-02
3,Beitrag,Verein für Kinder- und Jugenarbeit,https://akg-kiel.de/verein-fuer-kinder-und-jugenarbeit,WordPress REST + Sitemap,2022-03-06,2022-09-06,nein,archivieren,WordPress-Backup gemäß AKG-70; kein öffentlicher Redirect vorgesehen,noah.zepner@akg-kiel.de (Projektleitung/Koordination),AKG-53: redaktionelle Sammelentscheidung,Ausnahme nur bei begründetem aktuellem Bedarf; ohne Rückmeldung keine Migration,2026-10-02
3,Beitrag,VOCI-e-VIOLINI,https://akg-kiel.de/voci-e-violini,WordPress REST + Sitemap,2021-08-12,2022-08-15,nein,extern verlinken,https://konzerte-petruskirche.de/programm/archiv,noah.zepner@akg-kiel.de (Projektleitung/Koordination),Website Konzerte + AKG-69,Einzelziel nur bei vorhandenem Archivdatensatz; sonst Archivübersicht,2027-02-19
3,Beitrag,Voci e Violini,https://akg-kiel.de/voci-e-violini-2,WordPress REST + Sitemap,2022-11-16,2023-11-21,nein,extern verlinken,https://konzerte-petruskirche.de/programm/archiv,noah.zepner@akg-kiel.de (Projektleitung/Koordination),Website Konzerte + AKG-69,Einzelziel nur bei vorhandenem Archivdatensatz; sonst Archivübersicht,2027-02-19
3,Beitrag,Vorstellung Gunnar Engel,https://akg-kiel.de/vorstellung-gunnar-engel,WordPress REST + Sitemap,2022-09-12,2022-09-28,nein,archivieren,WordPress-Backup gemäß AKG-70; kein öffentlicher Redirect vorgesehen,noah.zepner@akg-kiel.de (Projektleitung/Koordination),AKG-53: redaktionelle Sammelentscheidung,Ausnahme nur bei begründetem aktuellem Bedarf; ohne Rückmeldung keine Migration,2026-10-02
3,Beitrag,Vorstellung Monika Dann,https://akg-kiel.de/vorstellung-monika-dann,WordPress REST + Sitemap,2022-09-02,2022-09-12,nein,archivieren,WordPress-Backup gemäß AKG-70; kein öffentlicher Redirect vorgesehen,noah.zepner@akg-kiel.de (Projektleitung/Koordination),AKG-53: redaktionelle Sammelentscheidung,Ausnahme nur bei begründetem aktuellem Bedarf; ohne Rückmeldung keine Migration,2026-10-02
3,Beitrag,Waisen in Kimosonu 2025,https://akg-kiel.de/waisen-in-kimosonu-2025,WordPress REST + Sitemap,2025-04-12,2025-06-11,nein,archivieren,WordPress-Backup gemäß AKG-70; kein öffentlicher Redirect vorgesehen,noah.zepner@akg-kiel.de (Projektleitung/Koordination),AKG-53: redaktionelle Sammelentscheidung,Ausnahme nur bei begründetem aktuellem Bedarf; ohne Rückmeldung keine Migration,2026-10-02
3,Beitrag,Waisen in Kimosonu 2025/6,https://akg-kiel.de/waisen-in-kimosonu-2025-6,WordPress REST + Sitemap,2025-06-11,2025-09-22,nein,archivieren,WordPress-Backup gemäß AKG-70; kein öffentlicher Redirect vorgesehen,noah.zepner@akg-kiel.de (Projektleitung/Koordination),AKG-53: redaktionelle Sammelentscheidung,Ausnahme nur bei begründetem aktuellem Bedarf; ohne Rückmeldung keine Migration,2026-10-02
3,Beitrag,Weihnachten in Gemeinschaft 2023,https://akg-kiel.de/weihnachten-in-gemeinschaft-2023,WordPress REST + Sitemap,2022-12-24,2023-12-28,nein,archivieren,WordPress-Backup gemäß AKG-70; kein öffentlicher Redirect vorgesehen,noah.zepner@akg-kiel.de (Projektleitung/Koordination),AKG-53: redaktionelle Sammelentscheidung,Ausnahme nur bei begründetem aktuellem Bedarf; ohne Rückmeldung keine Migration,2026-10-02
3,Beitrag,Weihnachtsgruß 2017,https://akg-kiel.de/weihnachtsgruss-2017,WordPress REST + Sitemap,2017-12-18,2019-09-18,nein,archivieren,WordPress-Backup gemäß AKG-70; kein öffentlicher Redirect vorgesehen,noah.zepner@akg-kiel.de (Projektleitung/Koordination),AKG-53: redaktionelle Sammelentscheidung,Ausnahme nur bei begründetem aktuellem Bedarf; ohne Rückmeldung keine Migration,2026-10-02
3,Beitrag,WEIHNACHTSKONZERT der Bläserphilharmonie Kiel,https://akg-kiel.de/weihnachtskonzert-der-blaeserphilharmonie-kiel,WordPress REST + Sitemap,2021-12-11,2022-03-09,nein,extern verlinken,https://konzerte-petruskirche.de/programm/archiv,noah.zepner@akg-kiel.de (Projektleitung/Koordination),Website Konzerte + AKG-69,Einzelziel nur bei vorhandenem Archivdatensatz; sonst Archivübersicht,2027-02-19
3,Beitrag,Weihnachtsoratorium,https://akg-kiel.de/weihnachtsoratorium,WordPress REST + Sitemap,2021-12-19,2022-12-21,nein,extern verlinken,https://konzerte-petruskirche.de/programm/archiv,noah.zepner@akg-kiel.de (Projektleitung/Koordination),Website Konzerte + AKG-69,Einzelziel nur bei vorhandenem Archivdatensatz; sonst Archivübersicht,2027-02-19
3,Beitrag,Weihnachtsoratorium,https://akg-kiel.de/weihnachtsoratorium-2,WordPress REST + Sitemap,2023-12-06,2024-12-11,nein,extern verlinken,https://konzerte-petruskirche.de/programm/archiv,noah.zepner@akg-kiel.de (Projektleitung/Koordination),Website Konzerte + AKG-69,Einzelziel nur bei vorhandenem Archivdatensatz; sonst Archivübersicht,2027-02-19
3,Beitrag,Weihnachtsoratorium CAU Kiel,https://akg-kiel.de/weihnachtsoratorium-cau-kiel,WordPress REST + Sitemap,2022-12-18,2023-12-20,nein,extern verlinken,https://konzerte-petruskirche.de/programm/archiv,noah.zepner@akg-kiel.de (Projektleitung/Koordination),Website Konzerte + AKG-69,Einzelziel nur bei vorhandenem Archivdatensatz; sonst Archivübersicht,2027-02-19
3,Beitrag,"Weihnachtsoratorium, Teile I-III UNI",https://akg-kiel.de/weihnachtsoratorium-teile-i-iii-uni,WordPress REST + Sitemap,2023-12-16,2024-12-21,nein,extern verlinken,https://konzerte-petruskirche.de/programm/archiv,noah.zepner@akg-kiel.de (Projektleitung/Koordination),Website Konzerte + AKG-69,Einzelziel nur bei vorhandenem Archivdatensatz; sonst Archivübersicht,2027-02-19
3,Beitrag,gebratene Ziege,https://akg-kiel.de/wenn-man-eine-gebratene-ziege-geschenkt-bekommt-ndafu,WordPress REST + Sitemap,2018-06-18,2021-08-25,nein,archivieren,WordPress-Backup gemäß AKG-70; kein öffentlicher Redirect vorgesehen,noah.zepner@akg-kiel.de (Projektleitung/Koordination),AKG-53: redaktionelle Sammelentscheidung,Ausnahme nur bei begründetem aktuellem Bedarf; ohne Rückmeldung keine Migration,2026-10-02
3,Beitrag,Wichtige Infos zum Kindergottesdienst,https://akg-kiel.de/wichtige-infos-zum-kindergottesdienst,WordPress REST + Sitemap,2021-05-28,2022-06-26,nein,archivieren,WordPress-Backup gemäß AKG-70; kein öffentlicher Redirect vorgesehen,noah.zepner@akg-kiel.de (Projektleitung/Koordination),AKG-53: redaktionelle Sammelentscheidung,Ausnahme nur bei begründetem aktuellem Bedarf; ohne Rückmeldung keine Migration,2026-10-02
3,Beitrag,WINTER MOMENTE,https://akg-kiel.de/winter-momente,WordPress REST + Sitemap,2022-01-12,2023-01-17,nein,extern verlinken,https://konzerte-petruskirche.de/programm/archiv,noah.zepner@akg-kiel.de (Projektleitung/Koordination),Website Konzerte + AKG-69,Einzelziel nur bei vorhandenem Archivdatensatz; sonst Archivübersicht,2027-02-19
3,Beitrag,Wir sind wieder da!,https://akg-kiel.de/wir-sind-wieder-da,WordPress REST + Sitemap,2014-01-14,2019-10-09,nein,archivieren,WordPress-Backup gemäß AKG-70; kein öffentlicher Redirect vorgesehen,noah.zepner@akg-kiel.de (Projektleitung/Koordination),AKG-53: redaktionelle Sammelentscheidung,Ausnahme nur bei begründetem aktuellem Bedarf; ohne Rückmeldung keine Migration,2026-10-02
3,Beitrag,Worship Abend Online,https://akg-kiel.de/worship-abend-online,WordPress REST + Sitemap,2021-05-20,2021-06-04,nein,archivieren,WordPress-Backup gemäß AKG-70; kein öffentlicher Redirect vorgesehen,noah.zepner@akg-kiel.de (Projektleitung/Koordination),AKG-53: redaktionelle Sammelentscheidung,Ausnahme nur bei begründetem aktuellem Bedarf; ohne Rückmeldung keine Migration,2026-10-02
3,Beitrag,wunder.bar im September,https://akg-kiel.de/wunder-bar-im-september,WordPress REST + Sitemap,2022-08-10,2022-09-19,nein,archivieren,WordPress-Backup gemäß AKG-70; kein öffentlicher Redirect vorgesehen,noah.zepner@akg-kiel.de (Projektleitung/Koordination),AKG-53: redaktionelle Sammelentscheidung,Ausnahme nur bei begründetem aktuellem Bedarf; ohne Rückmeldung keine Migration,2026-10-02
3,Beitrag,Ziegen Ngabobo 2017,https://akg-kiel.de/ziegen-ngabobo-2017,WordPress REST + Sitemap,2017-07-03,2019-09-18,nein,archivieren,WordPress-Backup gemäß AKG-70; kein öffentlicher Redirect vorgesehen,noah.zepner@akg-kiel.de (Projektleitung/Koordination),AKG-53: redaktionelle Sammelentscheidung,Ausnahme nur bei begründetem aktuellem Bedarf; ohne Rückmeldung keine Migration,2026-10-02
3,Beitrag,Zwei Themenabende zu Paul Gerhard,https://akg-kiel.de/zwei-themenabende-zu-paul-gerhard,WordPress REST + Sitemap,2022-09-30,2023-11-29,nein,archivieren,WordPress-Backup gemäß AKG-70; kein öffentlicher Redirect vorgesehen,noah.zepner@akg-kiel.de (Projektleitung/Koordination),AKG-53: redaktionelle Sammelentscheidung,Ausnahme nur bei begründetem aktuellem Bedarf; ohne Rückmeldung keine Migration,2026-10-02
3,Beitragsformat,Beitragsformat Chat,https://akg-kiel.de/type/chat,Sitemap,,,nein,entfallen lassen,Kein Nachfolger; 410/404 statt inhaltlich falschem Redirect,noah.zepner@akg-kiel.de (Projektleitung/Koordination),AKG-55/58/66: System- und Redirect-Sammelfreigabe,Keine,
3,Beitragsformat,Beitragsformat Video,https://akg-kiel.de/type/video,Sitemap,,,nein,entfallen lassen,Kein Nachfolger; 410/404 statt inhaltlich falschem Redirect,noah.zepner@akg-kiel.de (Projektleitung/Koordination),AKG-55/58/66: System- und Redirect-Sammelfreigabe,Keine,
3,Bibelbuch-Archiv,1–20,https://akg-kiel.de/book/1-20,WordPress REST (nicht im Sitemap-Cache),,,nein,entfallen lassen,Kein Nachfolger; 410/404 statt inhaltlich falschem Redirect,noah.zepner@akg-kiel.de (Projektleitung/Koordination),AKG-53: keine gesonderte Freigabe,Keine,
3,Bibelbuch-Archiv,14-16,https://akg-kiel.de/book/14-16,WordPress REST (nicht im Sitemap-Cache),,,nein,entfallen lassen,Kein Nachfolger; 410/404 statt inhaltlich falschem Redirect,noah.zepner@akg-kiel.de (Projektleitung/Koordination),AKG-53: keine gesonderte Freigabe,Keine,
3,Bibelbuch-Archiv,16-20,https://akg-kiel.de/book/16-20,WordPress REST (nicht im Sitemap-Cache),,,nein,entfallen lassen,Kein Nachfolger; 410/404 statt inhaltlich falschem Redirect,noah.zepner@akg-kiel.de (Projektleitung/Koordination),AKG-53: keine gesonderte Freigabe,Keine,
3,Bibelbuch-Archiv,Est4,https://akg-kiel.de/book/est4,WordPress REST (nicht im Sitemap-Cache),,,nein,entfallen lassen,Kein Nachfolger; 410/404 statt inhaltlich falschem Redirect,noah.zepner@akg-kiel.de (Projektleitung/Koordination),AKG-53: keine gesonderte Freigabe,Keine,
3,Bibelbuch-Archiv,Esther,https://akg-kiel.de/book/esther,WordPress REST (nicht im Sitemap-Cache),,,nein,entfallen lassen,Kein Nachfolger; 410/404 statt inhaltlich falschem Redirect,noah.zepner@akg-kiel.de (Projektleitung/Koordination),AKG-53: keine gesonderte Freigabe,Keine,
3,Bibelbuch-Archiv,Matthäus 28,https://akg-kiel.de/book/matthaeus-28,WordPress REST (nicht im Sitemap-Cache),,,nein,entfallen lassen,Kein Nachfolger; 410/404 statt inhaltlich falschem Redirect,noah.zepner@akg-kiel.de (Projektleitung/Koordination),AKG-53: keine gesonderte Freigabe,Keine,
3,Bibelbuch-Archiv,Matthäus28,https://akg-kiel.de/book/matthaeus28,WordPress REST (nicht im Sitemap-Cache),,,nein,entfallen lassen,Kein Nachfolger; 410/404 statt inhaltlich falschem Redirect,noah.zepner@akg-kiel.de (Projektleitung/Koordination),AKG-53: keine gesonderte Freigabe,Keine,
3,Bibelbuch-Archiv,Mt. 28,https://akg-kiel.de/book/mt-28,WordPress REST (nicht im Sitemap-Cache),,,nein,entfallen lassen,Kein Nachfolger; 410/404 statt inhaltlich falschem Redirect,noah.zepner@akg-kiel.de (Projektleitung/Koordination),AKG-53: keine gesonderte Freigabe,Keine,
3,Bibelbuch-Archiv,"Mt. 28, 16-20",https://akg-kiel.de/book/mt-28-16-20,WordPress REST (nicht im Sitemap-Cache),,,nein,entfallen lassen,Kein Nachfolger; 410/404 statt inhaltlich falschem Redirect,noah.zepner@akg-kiel.de (Projektleitung/Koordination),AKG-53: keine gesonderte Freigabe,Keine,
3,FAQ-Kategorie,Hochzeit,https://akg-kiel.de/faq_category/hochzeit,WordPress REST + Sitemap,,,nein,entfallen lassen,/kontakt#faqs,noah.zepner@akg-kiel.de (Projektleitung/Koordination),AKG-58/61/66: Redirect-Sammelfreigabe,Keine,
3,FAQ-Kategorie,Kirche,https://akg-kiel.de/faq_category/kirche,WordPress REST (nicht im Sitemap-Cache),,,nein,entfallen lassen,/kontakt#faqs,noah.zepner@akg-kiel.de (Projektleitung/Koordination),AKG-58/61/66: Redirect-Sammelfreigabe,Keine,
3,FAQ-Kategorie,Konfirmation,https://akg-kiel.de/faq_category/konfirmation,WordPress REST + Sitemap,,,nein,entfallen lassen,/kontakt#faqs,noah.zepner@akg-kiel.de (Projektleitung/Koordination),AKG-58/61/66: Redirect-Sammelfreigabe,Keine,
3,FAQ-Kategorie,Taufe,https://akg-kiel.de/faq_category/taufe,WordPress REST + Sitemap,,,nein,entfallen lassen,/kontakt#faqs,noah.zepner@akg-kiel.de (Projektleitung/Koordination),AKG-58/61/66: Redirect-Sammelfreigabe,Keine,
3,FAQ-Kategorie,Trauerfall,https://akg-kiel.de/faq_category/trauerfall,WordPress REST + Sitemap,,,nein,entfallen lassen,/kontakt#faqs,noah.zepner@akg-kiel.de (Projektleitung/Koordination),AKG-58/61/66: Redirect-Sammelfreigabe,Keine,
3,FAQ-Kategorie,Mitgliedschaft,https://akg-kiel.de/faq_category/umgemeindung,WordPress REST + Sitemap,,,nein,entfallen lassen,/kontakt#faqs,noah.zepner@akg-kiel.de (Projektleitung/Koordination),AKG-58/61/66: Redirect-Sammelfreigabe,Keine,
3,Kategorie,AnkündigungenStartseite,https://akg-kiel.de/category/ankuendigungenstartseite,WordPress REST + Sitemap,,,nein,entfallen lassen,/aktuelles,noah.zepner@akg-kiel.de (Projektleitung/Koordination),AKG-58/66: Redirect-Sammelfreigabe,Keine,
3,Kategorie,KGR,https://akg-kiel.de/category/der-kgr-berichtet-an-die-gemeinde,WordPress REST + Sitemap,,,nein,entfallen lassen,/gemeinde,noah.zepner@akg-kiel.de (Projektleitung/Koordination),AKG-58/66: Redirect-Sammelfreigabe,Keine,
3,Kategorie,Freizeiten,https://akg-kiel.de/category/freizeiten,WordPress REST (nicht im Sitemap-Cache),,,nein,entfallen lassen,Kein Nachfolger; 410/404 statt inhaltlich falschem Redirect,noah.zepner@akg-kiel.de (Projektleitung/Koordination),AKG-58/66: Redirect-Sammelfreigabe,Keine,
3,Kategorie,Gemeindeleben,https://akg-kiel.de/category/gemeindeleben,WordPress REST + Sitemap,,,nein,entfallen lassen,/aktuelles,noah.zepner@akg-kiel.de (Projektleitung/Koordination),AKG-58/66: Redirect-Sammelfreigabe,Keine,
3,Kategorie,Katarinas reise,https://akg-kiel.de/category/katarinas-reise,WordPress REST (nicht im Sitemap-Cache),,,nein,entfallen lassen,Kein Nachfolger; 410/404 statt inhaltlich falschem Redirect,noah.zepner@akg-kiel.de (Projektleitung/Koordination),AKG-58/66: Redirect-Sammelfreigabe,Keine,
3,Kategorie,Konzerte,https://akg-kiel.de/category/konzerte,WordPress REST + Sitemap,,,nein,extern verlinken,https://konzerte-petruskirche.de/programm/archiv,noah.zepner@akg-kiel.de (Projektleitung/Koordination),Website Konzerte + AKG-69,Keine,
3,Kategorie,Konzerte Archiv,https://akg-kiel.de/category/konzerte-archiv,WordPress REST + Sitemap,,,nein,extern verlinken,https://konzerte-petruskirche.de/programm/archiv,noah.zepner@akg-kiel.de (Projektleitung/Koordination),Website Konzerte + AKG-69,Keine,
3,Kategorie,Neue Pastoren,https://akg-kiel.de/category/neue-pastoren,WordPress REST + Sitemap,,,nein,entfallen lassen,/gemeinde,noah.zepner@akg-kiel.de (Projektleitung/Koordination),AKG-58/66: Redirect-Sammelfreigabe,Keine,
3,Kategorie,Neuigkeiten,https://akg-kiel.de/category/neuigkeiten,WordPress REST + Sitemap,,,nein,entfallen lassen,/aktuelles,noah.zepner@akg-kiel.de (Projektleitung/Koordination),AKG-58/66: Redirect-Sammelfreigabe,Keine,
3,Kategorie,Online-Gottesdienste,https://akg-kiel.de/category/online-gottesdienste,WordPress REST + Sitemap,,,nein,entfallen lassen,/gottesdienste,noah.zepner@akg-kiel.de (Projektleitung/Koordination),AKG-58/66: Redirect-Sammelfreigabe,Keine,
3,Kategorie,Online-Kindergottesdienst,https://akg-kiel.de/category/online-kindergottesdienst,WordPress REST + Sitemap,,,nein,entfallen lassen,/gottesdienste,noah.zepner@akg-kiel.de (Projektleitung/Koordination),AKG-58/66: Redirect-Sammelfreigabe,Keine,
3,Kategorie,Predigtreihen,https://akg-kiel.de/category/predigtreihen,WordPress REST + Sitemap,,,nein,entfallen lassen,Kein Nachfolger; 410/404 statt inhaltlich falschem Redirect,noah.zepner@akg-kiel.de (Projektleitung/Koordination),AKG-58/66: Redirect-Sammelfreigabe,Keine,
3,Kategorie,SHMF,https://akg-kiel.de/category/shmf,WordPress REST + Sitemap,,,nein,extern verlinken,https://konzerte-petruskirche.de/programm/archiv,noah.zepner@akg-kiel.de (Projektleitung/Koordination),Website Konzerte + AKG-69,Keine,
3,Kategorie,Tansania,https://akg-kiel.de/category/tansania,WordPress REST + Sitemap,,,nein,entfallen lassen,/gemeinde/tansaniaprojekt,noah.zepner@akg-kiel.de (Projektleitung/Koordination),AKG-58/66: Redirect-Sammelfreigabe,Keine,
3,Kategorie,Uncategorized,https://akg-kiel.de/category/uncategorized,WordPress REST + Sitemap,,,nein,entfallen lassen,Kein Nachfolger; 410/404 statt inhaltlich falschem Redirect,noah.zepner@akg-kiel.de (Projektleitung/Koordination),AKG-58/66: Redirect-Sammelfreigabe,Keine,
3,Prediger-Archiv,Andrea-Ulrike Khandurani,https://akg-kiel.de/prediger/andrea-ulrike-khan-durani,WordPress REST + Sitemap,,,nein,entfallen lassen,Kein Nachfolger; 410/404 statt inhaltlich falschem Redirect,noah.zepner@akg-kiel.de (Projektleitung/Koordination),AKG-53: keine gesonderte Freigabe,Keine,
3,Prediger-Archiv,Anika Tober,https://akg-kiel.de/prediger/anika-tober,WordPress REST + Sitemap,,,nein,entfallen lassen,Kein Nachfolger; 410/404 statt inhaltlich falschem Redirect,noah.zepner@akg-kiel.de (Projektleitung/Koordination),AKG-53: keine gesonderte Freigabe,Keine,
3,Prediger-Archiv,Bärbel Boy,https://akg-kiel.de/prediger/baerbel-boy,WordPress REST + Sitemap,,,nein,entfallen lassen,Kein Nachfolger; 410/404 statt inhaltlich falschem Redirect,noah.zepner@akg-kiel.de (Projektleitung/Koordination),AKG-53: keine gesonderte Freigabe,Keine,
3,Prediger-Archiv,Björn Ströh,https://akg-kiel.de/prediger/bjoern-stroeh,WordPress REST + Sitemap,,,nein,entfallen lassen,Kein Nachfolger; 410/404 statt inhaltlich falschem Redirect,noah.zepner@akg-kiel.de (Projektleitung/Koordination),AKG-53: keine gesonderte Freigabe,Keine,
3,Prediger-Archiv,Carsten Haasis,https://akg-kiel.de/prediger/carsten-haasis,WordPress REST + Sitemap,,,nein,entfallen lassen,Kein Nachfolger; 410/404 statt inhaltlich falschem Redirect,noah.zepner@akg-kiel.de (Projektleitung/Koordination),AKG-53: keine gesonderte Freigabe,Keine,
3,Prediger-Archiv,Christoph Kaiser,https://akg-kiel.de/prediger/christoph-kaiser,WordPress REST + Sitemap,,,nein,entfallen lassen,Kein Nachfolger; 410/404 statt inhaltlich falschem Redirect,noah.zepner@akg-kiel.de (Projektleitung/Koordination),AKG-53: keine gesonderte Freigabe,Keine,
3,Prediger-Archiv,Christoph Kaiser u. Team N,https://akg-kiel.de/prediger/christoph-kaiser-u-team-n,WordPress REST + Sitemap,,,nein,entfallen lassen,Kein Nachfolger; 410/404 statt inhaltlich falschem Redirect,noah.zepner@akg-kiel.de (Projektleitung/Koordination),AKG-53: keine gesonderte Freigabe,Keine,
3,Prediger-Archiv,Emily Bornholdt,https://akg-kiel.de/prediger/emily-bornholdt,WordPress REST + Sitemap,,,nein,entfallen lassen,Kein Nachfolger; 410/404 statt inhaltlich falschem Redirect,noah.zepner@akg-kiel.de (Projektleitung/Koordination),AKG-53: keine gesonderte Freigabe,Keine,
3,Prediger-Archiv,Eric,https://akg-kiel.de/prediger/eric,WordPress REST + Sitemap,,,nein,entfallen lassen,Kein Nachfolger; 410/404 statt inhaltlich falschem Redirect,noah.zepner@akg-kiel.de (Projektleitung/Koordination),AKG-53: keine gesonderte Freigabe,Keine,
3,Prediger-Archiv,Gideon Häußermann,https://akg-kiel.de/prediger/gideon-haeussermann,WordPress REST + Sitemap,,,nein,entfallen lassen,Kein Nachfolger; 410/404 statt inhaltlich falschem Redirect,noah.zepner@akg-kiel.de (Projektleitung/Koordination),AKG-53: keine gesonderte Freigabe,Keine,
3,Prediger-Archiv,Pastor Gunnar Engel,https://akg-kiel.de/prediger/gunnar-engel,WordPress REST + Sitemap,,,nein,entfallen lassen,Kein Nachfolger; 410/404 statt inhaltlich falschem Redirect,noah.zepner@akg-kiel.de (Projektleitung/Koordination),AKG-53: keine gesonderte Freigabe,Keine,
3,Prediger-Archiv,Holger Gerhard,https://akg-kiel.de/prediger/holger-gerhard,WordPress REST + Sitemap,,,nein,entfallen lassen,Kein Nachfolger; 410/404 statt inhaltlich falschem Redirect,noah.zepner@akg-kiel.de (Projektleitung/Koordination),AKG-53: keine gesonderte Freigabe,Keine,
3,Prediger-Archiv,Imke Woidasky,https://akg-kiel.de/prediger/imke-woidasky,WordPress REST + Sitemap,,,nein,entfallen lassen,Kein Nachfolger; 410/404 statt inhaltlich falschem Redirect,noah.zepner@akg-kiel.de (Projektleitung/Koordination),AKG-53: keine gesonderte Freigabe,Keine,
3,Prediger-Archiv,Jens Herrmann,https://akg-kiel.de/prediger/jens-herrmann,WordPress REST + Sitemap,,,nein,entfallen lassen,Kein Nachfolger; 410/404 statt inhaltlich falschem Redirect,noah.zepner@akg-kiel.de (Projektleitung/Koordination),AKG-53: keine gesonderte Freigabe,Keine,
3,Prediger-Archiv,Jens Rathjen,https://akg-kiel.de/prediger/jens-rathjen,WordPress REST + Sitemap,,,nein,entfallen lassen,Kein Nachfolger; 410/404 statt inhaltlich falschem Redirect,noah.zepner@akg-kiel.de (Projektleitung/Koordination),AKG-53: keine gesonderte Freigabe,Keine,
3,Prediger-Archiv,Julius Albrecht,https://akg-kiel.de/prediger/julius-albrecht,WordPress REST + Sitemap,,,nein,entfallen lassen,Kein Nachfolger; 410/404 statt inhaltlich falschem Redirect,noah.zepner@akg-kiel.de (Projektleitung/Koordination),AKG-53: keine gesonderte Freigabe,Keine,
3,Prediger-Archiv,Katrin Sereße,https://akg-kiel.de/prediger/katrin-seresse,WordPress REST + Sitemap,,,nein,entfallen lassen,Kein Nachfolger; 410/404 statt inhaltlich falschem Redirect,noah.zepner@akg-kiel.de (Projektleitung/Koordination),AKG-53: keine gesonderte Freigabe,Keine,
3,Prediger-Archiv,Klaus Göttler,https://akg-kiel.de/prediger/klaus-goettler,WordPress REST + Sitemap,,,nein,entfallen lassen,Kein Nachfolger; 410/404 statt inhaltlich falschem Redirect,noah.zepner@akg-kiel.de (Projektleitung/Koordination),AKG-53: keine gesonderte Freigabe,Keine,
3,Prediger-Archiv,Klaus Matthiesen,https://akg-kiel.de/prediger/klaus-matthiesen,WordPress REST + Sitemap,,,nein,entfallen lassen,Kein Nachfolger; 410/404 statt inhaltlich falschem Redirect,noah.zepner@akg-kiel.de (Projektleitung/Koordination),AKG-53: keine gesonderte Freigabe,Keine,
3,Prediger-Archiv,Klaus Paare,https://akg-kiel.de/prediger/klaus-paare,WordPress REST + Sitemap,,,nein,entfallen lassen,Kein Nachfolger; 410/404 statt inhaltlich falschem Redirect,noah.zepner@akg-kiel.de (Projektleitung/Koordination),AKG-53: keine gesonderte Freigabe,Keine,
3,Prediger-Archiv,Laura Matthiesen,https://akg-kiel.de/prediger/laura-matthiesen,WordPress REST + Sitemap,,,nein,entfallen lassen,Kein Nachfolger; 410/404 statt inhaltlich falschem Redirect,noah.zepner@akg-kiel.de (Projektleitung/Koordination),AKG-53: keine gesonderte Freigabe,Keine,
3,Prediger-Archiv,Lutz u. Tina Damerow,https://akg-kiel.de/prediger/lutz-u-tina-damerow,WordPress REST + Sitemap,,,nein,entfallen lassen,Kein Nachfolger; 410/404 statt inhaltlich falschem Redirect,noah.zepner@akg-kiel.de (Projektleitung/Koordination),AKG-53: keine gesonderte Freigabe,Keine,
3,Prediger-Archiv,Michael Diener,https://akg-kiel.de/prediger/michael-diener,WordPress REST + Sitemap,,,nein,entfallen lassen,Kein Nachfolger; 410/404 statt inhaltlich falschem Redirect,noah.zepner@akg-kiel.de (Projektleitung/Koordination),AKG-53: keine gesonderte Freigabe,Keine,
3,Prediger-Archiv,Michael Szelinski,https://akg-kiel.de/prediger/michael-szelinski,WordPress REST + Sitemap,,,nein,entfallen lassen,Kein Nachfolger; 410/404 statt inhaltlich falschem Redirect,noah.zepner@akg-kiel.de (Projektleitung/Koordination),AKG-53: keine gesonderte Freigabe,Keine,
3,Prediger-Archiv,Naemi,https://akg-kiel.de/prediger/naemi,WordPress REST + Sitemap,,,nein,entfallen lassen,Kein Nachfolger; 410/404 statt inhaltlich falschem Redirect,noah.zepner@akg-kiel.de (Projektleitung/Koordination),AKG-53: keine gesonderte Freigabe,Keine,
3,Prediger-Archiv,Nick Jesse Boie,https://akg-kiel.de/prediger/nick-jesse-boie,WordPress REST + Sitemap,,,nein,entfallen lassen,Kein Nachfolger; 410/404 statt inhaltlich falschem Redirect,noah.zepner@akg-kiel.de (Projektleitung/Koordination),AKG-53: keine gesonderte Freigabe,Keine,
3,Prediger-Archiv,Pastor Lars Reimann,https://akg-kiel.de/prediger/pastor-lars-reimann,WordPress REST + Sitemap,,,nein,entfallen lassen,Kein Nachfolger; 410/404 statt inhaltlich falschem Redirect,noah.zepner@akg-kiel.de (Projektleitung/Koordination),AKG-53: keine gesonderte Freigabe,Keine,
3,Prediger-Archiv,Pastor Lutz Damerow,https://akg-kiel.de/prediger/pastor-lutz-damerow,WordPress REST + Sitemap,,,nein,entfallen lassen,Kein Nachfolger; 410/404 statt inhaltlich falschem Redirect,noah.zepner@akg-kiel.de (Projektleitung/Koordination),AKG-53: keine gesonderte Freigabe,Keine,
3,Prediger-Archiv,Pastor Michael Szelinski,https://akg-kiel.de/prediger/pastor-michael-szelinski,WordPress REST + Sitemap,,,nein,entfallen lassen,Kein Nachfolger; 410/404 statt inhaltlich falschem Redirect,noah.zepner@akg-kiel.de (Projektleitung/Koordination),AKG-53: keine gesonderte Freigabe,Keine,
3,Prediger-Archiv,Pastorin Monika Dann,https://akg-kiel.de/prediger/pastorin-monika-dann,WordPress REST + Sitemap,,,nein,entfallen lassen,Kein Nachfolger; 410/404 statt inhaltlich falschem Redirect,noah.zepner@akg-kiel.de (Projektleitung/Koordination),AKG-53: keine gesonderte Freigabe,Keine,
3,Prediger-Archiv,Peter Keil,https://akg-kiel.de/prediger/peter-keil,WordPress REST + Sitemap,,,nein,entfallen lassen,Kein Nachfolger; 410/404 statt inhaltlich falschem Redirect,noah.zepner@akg-kiel.de (Projektleitung/Koordination),AKG-53: keine gesonderte Freigabe,Keine,
3,Prediger-Archiv,Philipp Bömer,https://akg-kiel.de/prediger/philipp-boemer,WordPress REST + Sitemap,,,nein,entfallen lassen,Kein Nachfolger; 410/404 statt inhaltlich falschem Redirect,noah.zepner@akg-kiel.de (Projektleitung/Koordination),AKG-53: keine gesonderte Freigabe,Keine,
3,Prediger-Archiv,Renate Müller,https://akg-kiel.de/prediger/renate-mueller,WordPress REST + Sitemap,,,nein,entfallen lassen,Kein Nachfolger; 410/404 statt inhaltlich falschem Redirect,noah.zepner@akg-kiel.de (Projektleitung/Koordination),AKG-53: keine gesonderte Freigabe,Keine,
3,Prediger-Archiv,Sabine,https://akg-kiel.de/prediger/sabine,WordPress REST + Sitemap,,,nein,entfallen lassen,Kein Nachfolger; 410/404 statt inhaltlich falschem Redirect,noah.zepner@akg-kiel.de (Projektleitung/Koordination),AKG-53: keine gesonderte Freigabe,Keine,
3,Prediger-Archiv,Samira Haasis,https://akg-kiel.de/prediger/samira-haasis,WordPress REST + Sitemap,,,nein,entfallen lassen,Kein Nachfolger; 410/404 statt inhaltlich falschem Redirect,noah.zepner@akg-kiel.de (Projektleitung/Koordination),AKG-53: keine gesonderte Freigabe,Keine,
3,Prediger-Archiv,Stephanie Voland,https://akg-kiel.de/prediger/stephanie-voland,WordPress REST + Sitemap,,,nein,entfallen lassen,Kein Nachfolger; 410/404 statt inhaltlich falschem Redirect,noah.zepner@akg-kiel.de (Projektleitung/Koordination),AKG-53: keine gesonderte Freigabe,Keine,
3,Prediger-Archiv,Tillmann,https://akg-kiel.de/prediger/tillmann,WordPress REST + Sitemap,,,nein,entfallen lassen,Kein Nachfolger; 410/404 statt inhaltlich falschem Redirect,noah.zepner@akg-kiel.de (Projektleitung/Koordination),AKG-53: keine gesonderte Freigabe,Keine,
3,Prediger-Archiv,Tina Damerow,https://akg-kiel.de/prediger/tina-damerow,WordPress REST + Sitemap,,,nein,entfallen lassen,Kein Nachfolger; 410/404 statt inhaltlich falschem Redirect,noah.zepner@akg-kiel.de (Projektleitung/Koordination),AKG-53: keine gesonderte Freigabe,Keine,
3,Prediger-Archiv,und andere,https://akg-kiel.de/prediger/und-andere,WordPress REST + Sitemap,,,nein,entfallen lassen,Kein Nachfolger; 410/404 statt inhaltlich falschem Redirect,noah.zepner@akg-kiel.de (Projektleitung/Koordination),AKG-53: keine gesonderte Freigabe,Keine,
3,Prediger-Archiv,Volker Seresse,https://akg-kiel.de/prediger/volker-seresse,WordPress REST + Sitemap,,,nein,entfallen lassen,Kein Nachfolger; 410/404 statt inhaltlich falschem Redirect,noah.zepner@akg-kiel.de (Projektleitung/Koordination),AKG-53: keine gesonderte Freigabe,Keine,
3,Prediger-Archiv,Willi Quiering,https://akg-kiel.de/prediger/willi-quiering,WordPress REST + Sitemap,,,nein,entfallen lassen,Kein Nachfolger; 410/404 statt inhaltlich falschem Redirect,noah.zepner@akg-kiel.de (Projektleitung/Koordination),AKG-53: keine gesonderte Freigabe,Keine,
3,Predigt,zum 1. Advent,https://akg-kiel.de/predigten/01-12-2019-zum-1-advent,WordPress REST + Sitemap,2019-12-02,2020-01-24,nein,archivieren,WordPress-Backup gemäß AKG-70; kein öffentlicher Redirect vorgesehen,noah.zepner@akg-kiel.de (Projektleitung/Koordination),AKG-53: redaktionelle Sammelentscheidung,Ausnahme nur bei dokumentiertem redaktionellem Bedarf und geklärten Medienrechten; ohne Rückmeldung keine Migration,2026-10-02
3,Predigt,Predigt vom 03.04.2022,https://akg-kiel.de/predigten/03-04-2022,WordPress REST + Sitemap,2022-04-04,2022-04-04,nein,archivieren,WordPress-Backup gemäß AKG-70; kein öffentlicher Redirect vorgesehen,noah.zepner@akg-kiel.de (Projektleitung/Koordination),AKG-53: redaktionelle Sammelentscheidung,Ausnahme nur bei dokumentiertem redaktionellem Bedarf und geklärten Medienrechten; ohne Rückmeldung keine Migration,2026-10-02
3,Predigt,Was erwartest Du von Jesus,https://akg-kiel.de/predigten/03-11-2019-was-erwartest-du-von-jesus,WordPress REST + Sitemap,2019-11-03,2020-01-24,nein,archivieren,WordPress-Backup gemäß AKG-70; kein öffentlicher Redirect vorgesehen,noah.zepner@akg-kiel.de (Projektleitung/Koordination),AKG-53: redaktionelle Sammelentscheidung,Ausnahme nur bei dokumentiertem redaktionellem Bedarf und geklärten Medienrechten; ohne Rückmeldung keine Migration,2026-10-02
3,Predigt,Der ermutigende Gott,https://akg-kiel.de/predigten/05-01-2020,WordPress REST + Sitemap,2020-01-06,2020-01-09,nein,archivieren,WordPress-Backup gemäß AKG-70; kein öffentlicher Redirect vorgesehen,noah.zepner@akg-kiel.de (Projektleitung/Koordination),AKG-53: redaktionelle Sammelentscheidung,Ausnahme nur bei dokumentiertem redaktionellem Bedarf und geklärten Medienrechten; ohne Rückmeldung keine Migration,2026-10-02
3,Predigt,Vergebung – hin u. weg –,https://akg-kiel.de/predigten/05-05-2019-gideon-haeussermann,WordPress REST + Sitemap,2019-05-05,2020-01-30,nein,archivieren,WordPress-Backup gemäß AKG-70; kein öffentlicher Redirect vorgesehen,noah.zepner@akg-kiel.de (Projektleitung/Koordination),AKG-53: redaktionelle Sammelentscheidung,Ausnahme nur bei dokumentiertem redaktionellem Bedarf und geklärten Medienrechten; ohne Rückmeldung keine Migration,2026-10-02
3,Predigt,05.06.2022 Pfingsten,https://akg-kiel.de/predigten/05-06-2022-pfingsten,WordPress REST + Sitemap,2022-06-07,2022-06-07,nein,archivieren,WordPress-Backup gemäß AKG-70; kein öffentlicher Redirect vorgesehen,noah.zepner@akg-kiel.de (Projektleitung/Koordination),AKG-53: redaktionelle Sammelentscheidung,Ausnahme nur bei dokumentiertem redaktionellem Bedarf und geklärten Medienrechten; ohne Rückmeldung keine Migration,2026-10-02
3,Predigt,Erntedank,https://akg-kiel.de/predigten/06-10-2019-erntedank,WordPress REST + Sitemap,2019-10-08,2020-01-24,nein,archivieren,WordPress-Backup gemäß AKG-70; kein öffentlicher Redirect vorgesehen,noah.zepner@akg-kiel.de (Projektleitung/Koordination),AKG-53: redaktionelle Sammelentscheidung,Ausnahme nur bei dokumentiertem redaktionellem Bedarf und geklärten Medienrechten; ohne Rückmeldung keine Migration,2026-10-02
3,Predigt,Was kostet es ein Jünger Jesu zu sein,https://akg-kiel.de/predigten/08-09-2019-was-kostet-es-ein-juenger-jesu-zu-sein,WordPress REST + Sitemap,2019-09-08,2020-03-31,nein,archivieren,WordPress-Backup gemäß AKG-70; kein öffentlicher Redirect vorgesehen,noah.zepner@akg-kiel.de (Projektleitung/Koordination),AKG-53: redaktionelle Sammelentscheidung,Ausnahme nur bei dokumentiertem redaktionellem Bedarf und geklärten Medienrechten; ohne Rückmeldung keine Migration,2026-10-02
3,Predigt,Anders als erwartet,https://akg-kiel.de/predigten/13-10-2019-anders-als-erwartet,WordPress REST + Sitemap,2019-10-13,2020-01-24,nein,archivieren,WordPress-Backup gemäß AKG-70; kein öffentlicher Redirect vorgesehen,noah.zepner@akg-kiel.de (Projektleitung/Koordination),AKG-53: redaktionelle Sammelentscheidung,Ausnahme nur bei dokumentiertem redaktionellem Bedarf und geklärten Medienrechten; ohne Rückmeldung keine Migration,2026-10-02
3,Predigt,Die Arbeiter im Weinberg,https://akg-kiel.de/predigten/15-09-2019-die-arbeiterim-weinberg,WordPress REST + Sitemap,2019-09-15,2020-03-31,nein,archivieren,WordPress-Backup gemäß AKG-70; kein öffentlicher Redirect vorgesehen,noah.zepner@akg-kiel.de (Projektleitung/Koordination),AKG-53: redaktionelle Sammelentscheidung,Ausnahme nur bei dokumentiertem redaktionellem Bedarf und geklärten Medienrechten; ohne Rückmeldung keine Migration,2026-10-02
3,Predigt,zum 3. Advent,https://akg-kiel.de/predigten/15-12-2019-zum-3-advent,WordPress REST + Sitemap,2019-12-20,2020-01-24,nein,archivieren,WordPress-Backup gemäß AKG-70; kein öffentlicher Redirect vorgesehen,noah.zepner@akg-kiel.de (Projektleitung/Koordination),AKG-53: redaktionelle Sammelentscheidung,Ausnahme nur bei dokumentiertem redaktionellem Bedarf und geklärten Medienrechten; ohne Rückmeldung keine Migration,2026-10-02
3,Predigt,Gibt es einen strafenden Gott,https://akg-kiel.de/predigten/17-11-2019-gibt-es-einen-strafenden-gott,WordPress REST + Sitemap,2019-11-18,2020-01-24,nein,archivieren,WordPress-Backup gemäß AKG-70; kein öffentlicher Redirect vorgesehen,noah.zepner@akg-kiel.de (Projektleitung/Koordination),AKG-53: redaktionelle Sammelentscheidung,Ausnahme nur bei dokumentiertem redaktionellem Bedarf und geklärten Medienrechten; ohne Rückmeldung keine Migration,2026-10-02
3,Predigt,Wozu benutzt Jesus Gleichnisse,https://akg-kiel.de/predigten/18-08-1919-wozu-benutzt-jesus-gleichnisse,WordPress REST + Sitemap,2019-08-18,2020-03-31,nein,archivieren,WordPress-Backup gemäß AKG-70; kein öffentlicher Redirect vorgesehen,noah.zepner@akg-kiel.de (Projektleitung/Koordination),AKG-53: redaktionelle Sammelentscheidung,Ausnahme nur bei dokumentiertem redaktionellem Bedarf und geklärten Medienrechten; ohne Rückmeldung keine Migration,2026-10-02
3,Predigt,Umkehr und Hoffnung zum Buß u. Bettag,https://akg-kiel.de/predigten/20-11-2019-umkehr-und-hoffnung-zum-buss-u-bettag,WordPress REST + Sitemap,2019-12-02,2020-01-24,nein,archivieren,WordPress-Backup gemäß AKG-70; kein öffentlicher Redirect vorgesehen,noah.zepner@akg-kiel.de (Projektleitung/Koordination),AKG-53: redaktionelle Sammelentscheidung,Ausnahme nur bei dokumentiertem redaktionellem Bedarf und geklärten Medienrechten; ohne Rückmeldung keine Migration,2026-10-02
3,Predigt,Das Gleichnis vom anvertrauten Geld,https://akg-kiel.de/predigten/22-09-2019-das-gleichnis-vom-anvertrauten-geld,WordPress REST + Sitemap,2019-09-22,2020-03-31,nein,archivieren,WordPress-Backup gemäß AKG-70; kein öffentlicher Redirect vorgesehen,noah.zepner@akg-kiel.de (Projektleitung/Koordination),AKG-53: redaktionelle Sammelentscheidung,Ausnahme nur bei dokumentiertem redaktionellem Bedarf und geklärten Medienrechten; ohne Rückmeldung keine Migration,2026-10-02
3,Predigt,zum 4. Advent,https://akg-kiel.de/predigten/22-12-2019-zum-4-advent,WordPress REST + Sitemap,2019-12-22,2020-01-11,nein,archivieren,WordPress-Backup gemäß AKG-70; kein öffentlicher Redirect vorgesehen,noah.zepner@akg-kiel.de (Projektleitung/Koordination),AKG-53: redaktionelle Sammelentscheidung,Ausnahme nur bei dokumentiertem redaktionellem Bedarf und geklärten Medienrechten; ohne Rückmeldung keine Migration,2026-10-02
3,Predigt,Weihnachten – in der Heilsgeschichte,https://akg-kiel.de/predigten/24-12-2019-weihnachten-in-der-heilsgeschichte,WordPress REST + Sitemap,2019-12-25,2020-01-10,nein,archivieren,WordPress-Backup gemäß AKG-70; kein öffentlicher Redirect vorgesehen,noah.zepner@akg-kiel.de (Projektleitung/Koordination),AKG-53: redaktionelle Sammelentscheidung,Ausnahme nur bei dokumentiertem redaktionellem Bedarf und geklärten Medienrechten; ohne Rückmeldung keine Migration,2026-10-02
3,Predigt,Keine Aufzeichnung durch technisches Problem,https://akg-kiel.de/predigten/26-10-2019-keine-aufzeichnung-durch-technisches-problem,WordPress REST + Sitemap,2019-10-31,2020-01-24,nein,archivieren,WordPress-Backup gemäß AKG-70; kein öffentlicher Redirect vorgesehen,noah.zepner@akg-kiel.de (Projektleitung/Koordination),AKG-53: redaktionelle Sammelentscheidung,Ausnahme nur bei dokumentiertem redaktionellem Bedarf und geklärten Medienrechten; ohne Rückmeldung keine Migration,2026-10-02
3,Predigt,Navigation in Raum und Zeit,https://akg-kiel.de/predigten/29-09-2019-navigation-in-raum-und-zeit,WordPress REST + Sitemap,2019-09-29,2020-01-24,nein,archivieren,WordPress-Backup gemäß AKG-70; kein öffentlicher Redirect vorgesehen,noah.zepner@akg-kiel.de (Projektleitung/Koordination),AKG-53: redaktionelle Sammelentscheidung,Ausnahme nur bei dokumentiertem redaktionellem Bedarf und geklärten Medienrechten; ohne Rückmeldung keine Migration,2026-10-02
3,Predigt,"„keine Veröffentlichung, da Laienpredigt“",https://akg-kiel.de/predigten/29-12-2019-keine-veroeffentlichung-da-laienpredigt,WordPress REST + Sitemap,2019-12-31,2020-01-10,nein,archivieren,WordPress-Backup gemäß AKG-70; kein öffentlicher Redirect vorgesehen,noah.zepner@akg-kiel.de (Projektleitung/Koordination),AKG-53: redaktionelle Sammelentscheidung,Ausnahme nur bei dokumentiertem redaktionellem Bedarf und geklärten Medienrechten; ohne Rückmeldung keine Migration,2026-10-02
3,Predigt,Luther u. die Musik zum Reformationtag,https://akg-kiel.de/predigten/31-10-2019-luther-u-die-musik-zum-reformationtag,WordPress REST + Sitemap,2019-11-02,2020-01-24,nein,archivieren,WordPress-Backup gemäß AKG-70; kein öffentlicher Redirect vorgesehen,noah.zepner@akg-kiel.de (Projektleitung/Koordination),AKG-53: redaktionelle Sammelentscheidung,Ausnahme nur bei dokumentiertem redaktionellem Bedarf und geklärten Medienrechten; ohne Rückmeldung keine Migration,2026-10-02
3,Predigt,"Wer liebt, tut was",https://akg-kiel.de/predigten/3219,WordPress REST + Sitemap,2019-10-20,2020-01-24,nein,archivieren,WordPress-Backup gemäß AKG-70; kein öffentlicher Redirect vorgesehen,noah.zepner@akg-kiel.de (Projektleitung/Koordination),AKG-53: redaktionelle Sammelentscheidung,Ausnahme nur bei dokumentiertem redaktionellem Bedarf und geklärten Medienrechten; ohne Rückmeldung keine Migration,2026-10-02
3,Predigt,Verlust und Trauer,https://akg-kiel.de/predigten/3370,WordPress REST + Sitemap,2019-11-11,2020-01-24,nein,archivieren,WordPress-Backup gemäß AKG-70; kein öffentlicher Redirect vorgesehen,noah.zepner@akg-kiel.de (Projektleitung/Koordination),AKG-53: redaktionelle Sammelentscheidung,Ausnahme nur bei dokumentiertem redaktionellem Bedarf und geklärten Medienrechten; ohne Rückmeldung keine Migration,2026-10-02
3,Predigt,Reich Gottes,https://akg-kiel.de/predigten/3477,WordPress REST + Sitemap,2019-11-25,2020-01-24,nein,archivieren,WordPress-Backup gemäß AKG-70; kein öffentlicher Redirect vorgesehen,noah.zepner@akg-kiel.de (Projektleitung/Koordination),AKG-53: redaktionelle Sammelentscheidung,Ausnahme nur bei dokumentiertem redaktionellem Bedarf und geklärten Medienrechten; ohne Rückmeldung keine Migration,2026-10-02
3,Predigt,Zum Flath Altar (7),https://akg-kiel.de/predigten/4307,WordPress REST + Sitemap,2020-02-03,2020-02-11,nein,archivieren,WordPress-Backup gemäß AKG-70; kein öffentlicher Redirect vorgesehen,noah.zepner@akg-kiel.de (Projektleitung/Koordination),AKG-53: redaktionelle Sammelentscheidung,Ausnahme nur bei dokumentiertem redaktionellem Bedarf und geklärten Medienrechten; ohne Rückmeldung keine Migration,2026-10-02
3,Predigt,zum 2. Advent,https://akg-kiel.de/predigten/8-12-2019-zum-2-advent,WordPress REST + Sitemap,2019-12-20,2020-01-24,nein,archivieren,WordPress-Backup gemäß AKG-70; kein öffentlicher Redirect vorgesehen,noah.zepner@akg-kiel.de (Projektleitung/Koordination),AKG-53: redaktionelle Sammelentscheidung,Ausnahme nur bei dokumentiertem redaktionellem Bedarf und geklärten Medienrechten; ohne Rückmeldung keine Migration,2026-10-02
3,Predigt,Ablassbriefe oder Gottes Gnade,https://akg-kiel.de/predigten/ablassbriefe-oder-gottes-gnade,WordPress REST + Sitemap,2021-11-04,2021-11-04,nein,archivieren,WordPress-Backup gemäß AKG-70; kein öffentlicher Redirect vorgesehen,noah.zepner@akg-kiel.de (Projektleitung/Koordination),AKG-53: redaktionelle Sammelentscheidung,Ausnahme nur bei dokumentiertem redaktionellem Bedarf und geklärten Medienrechten; ohne Rückmeldung keine Migration,2026-10-02
3,Predigt,Abschied von Pastor Lars Reimann,https://akg-kiel.de/predigten/abschied-von-pastor-lars-reimann,WordPress REST + Sitemap,2022-05-15,2022-05-15,nein,archivieren,WordPress-Backup gemäß AKG-70; kein öffentlicher Redirect vorgesehen,noah.zepner@akg-kiel.de (Projektleitung/Koordination),AKG-53: redaktionelle Sammelentscheidung,Ausnahme nur bei dokumentiertem redaktionellem Bedarf und geklärten Medienrechten; ohne Rückmeldung keine Migration,2026-10-02
3,Predigt,Abschiedspredigt zum Thema: Dies ist ein Ort der Gnade,https://akg-kiel.de/predigten/abschiedspredigt-zum-thema-gnade,WordPress REST + Sitemap,2022-09-06,2022-09-06,nein,archivieren,WordPress-Backup gemäß AKG-70; kein öffentlicher Redirect vorgesehen,noah.zepner@akg-kiel.de (Projektleitung/Koordination),AKG-53: redaktionelle Sammelentscheidung,Ausnahme nur bei dokumentiertem redaktionellem Bedarf und geklärten Medienrechten; ohne Rückmeldung keine Migration,2026-10-02
3,Predigt,Abschlussgottesdienst 2022,https://akg-kiel.de/predigten/abschlussgottesdienst-2022,WordPress REST + Sitemap,2022-01-22,2022-01-22,nein,archivieren,WordPress-Backup gemäß AKG-70; kein öffentlicher Redirect vorgesehen,noah.zepner@akg-kiel.de (Projektleitung/Koordination),AKG-53: redaktionelle Sammelentscheidung,Ausnahme nur bei dokumentiertem redaktionellem Bedarf und geklärten Medienrechten; ohne Rückmeldung keine Migration,2026-10-02
3,Predigt,Alles gratis – so ist Gnade,https://akg-kiel.de/predigten/alles-gratis-so-ist-gnade,WordPress REST + Sitemap,2020-09-27,2020-09-27,nein,archivieren,WordPress-Backup gemäß AKG-70; kein öffentlicher Redirect vorgesehen,noah.zepner@akg-kiel.de (Projektleitung/Koordination),AKG-53: redaktionelle Sammelentscheidung,Ausnahme nur bei dokumentiertem redaktionellem Bedarf und geklärten Medienrechten; ohne Rückmeldung keine Migration,2026-10-02
3,Predigt,Allianzgebetswoche :  Miteinander hinhören,https://akg-kiel.de/predigten/allianzgebetswoche-miteinander-hinhoeren,WordPress REST + Sitemap,2021-01-13,2021-01-13,nein,archivieren,WordPress-Backup gemäß AKG-70; kein öffentlicher Redirect vorgesehen,noah.zepner@akg-kiel.de (Projektleitung/Koordination),AKG-53: redaktionelle Sammelentscheidung,Ausnahme nur bei dokumentiertem redaktionellem Bedarf und geklärten Medienrechten; ohne Rückmeldung keine Migration,2026-10-02
3,Predigt,Allianzgebetswochenabschlußgottesdienst: Lebenselexier Bibel – miteinander Gott loben,https://akg-kiel.de/predigten/allianzgebetswochenabschlussgottesdienst-lebenselexier-bibel-miteinander-gott-loben,WordPress REST + Sitemap,2021-01-19,2021-01-19,nein,archivieren,WordPress-Backup gemäß AKG-70; kein öffentlicher Redirect vorgesehen,noah.zepner@akg-kiel.de (Projektleitung/Koordination),AKG-53: redaktionelle Sammelentscheidung,Ausnahme nur bei dokumentiertem redaktionellem Bedarf und geklärten Medienrechten; ohne Rückmeldung keine Migration,2026-10-02
3,Predigt,Atem Gottes!,https://akg-kiel.de/predigten/atem-gottes,WordPress REST + Sitemap,2022-06-14,2022-06-14,nein,archivieren,WordPress-Backup gemäß AKG-70; kein öffentlicher Redirect vorgesehen,noah.zepner@akg-kiel.de (Projektleitung/Koordination),AKG-53: redaktionelle Sammelentscheidung,Ausnahme nur bei dokumentiertem redaktionellem Bedarf und geklärten Medienrechten; ohne Rückmeldung keine Migration,2026-10-02
3,Predigt,Auf dein Wort hin,https://akg-kiel.de/predigten/auf-dein-wort-hin,WordPress REST + Sitemap,2020-07-14,2020-07-14,nein,archivieren,WordPress-Backup gemäß AKG-70; kein öffentlicher Redirect vorgesehen,noah.zepner@akg-kiel.de (Projektleitung/Koordination),AKG-53: redaktionelle Sammelentscheidung,Ausnahme nur bei dokumentiertem redaktionellem Bedarf und geklärten Medienrechten; ohne Rückmeldung keine Migration,2026-10-02
3,Predigt,Auf dem Holzweg,https://akg-kiel.de/predigten/auf-dem-holzweg,WordPress REST + Sitemap,2021-06-27,2021-06-27,nein,archivieren,WordPress-Backup gemäß AKG-70; kein öffentlicher Redirect vorgesehen,noah.zepner@akg-kiel.de (Projektleitung/Koordination),AKG-53: redaktionelle Sammelentscheidung,Ausnahme nur bei dokumentiertem redaktionellem Bedarf und geklärten Medienrechten; ohne Rückmeldung keine Migration,2026-10-02
3,Predigt,Aufgeflogen,https://akg-kiel.de/predigten/aufgeflogen,WordPress REST + Sitemap,2020-11-15,2020-11-15,nein,archivieren,WordPress-Backup gemäß AKG-70; kein öffentlicher Redirect vorgesehen,noah.zepner@akg-kiel.de (Projektleitung/Koordination),AKG-53: redaktionelle Sammelentscheidung,Ausnahme nur bei dokumentiertem redaktionellem Bedarf und geklärten Medienrechten; ohne Rückmeldung keine Migration,2026-10-02
3,Predigt,"Augustinus, Gnade und Barmherzigkeit",https://akg-kiel.de/predigten/augustinus-gnade-und-barmherzigkeit,WordPress REST + Sitemap,2020-09-14,2020-09-14,nein,archivieren,WordPress-Backup gemäß AKG-70; kein öffentlicher Redirect vorgesehen,noah.zepner@akg-kiel.de (Projektleitung/Koordination),AKG-53: redaktionelle Sammelentscheidung,Ausnahme nur bei dokumentiertem redaktionellem Bedarf und geklärten Medienrechten; ohne Rückmeldung keine Migration,2026-10-02
3,Predigt,Barmherzigkeit,https://akg-kiel.de/predigten/barmherzigkeit,WordPress REST + Sitemap,2021-01-05,2021-01-05,nein,archivieren,WordPress-Backup gemäß AKG-70; kein öffentlicher Redirect vorgesehen,noah.zepner@akg-kiel.de (Projektleitung/Koordination),AKG-53: redaktionelle Sammelentscheidung,Ausnahme nur bei dokumentiertem redaktionellem Bedarf und geklärten Medienrechten; ohne Rückmeldung keine Migration,2026-10-02
3,Predigt,Barnabas – Sohn des Trostes,https://akg-kiel.de/predigten/barnabas-sohn-des-trostes,WordPress REST + Sitemap,2020-06-16,2020-06-16,nein,archivieren,WordPress-Backup gemäß AKG-70; kein öffentlicher Redirect vorgesehen,noah.zepner@akg-kiel.de (Projektleitung/Koordination),AKG-53: redaktionelle Sammelentscheidung,Ausnahme nur bei dokumentiertem redaktionellem Bedarf und geklärten Medienrechten; ohne Rückmeldung keine Migration,2026-10-02
3,Predigt,"Bathseba, eine Frau, die sich nach Gleichwertigkeit sehnt",https://akg-kiel.de/predigten/bathseba-eine-frau-die-sich-nach-gleichwertigkeit-sehnt,WordPress REST + Sitemap,2020-12-23,2021-02-03,nein,archivieren,WordPress-Backup gemäß AKG-70; kein öffentlicher Redirect vorgesehen,noah.zepner@akg-kiel.de (Projektleitung/Koordination),AKG-53: redaktionelle Sammelentscheidung,Ausnahme nur bei dokumentiertem redaktionellem Bedarf und geklärten Medienrechten; ohne Rückmeldung keine Migration,2026-10-02
3,Predigt,Begegnung unter Wasser,https://akg-kiel.de/predigten/begegnung-unter-wasser,WordPress REST + Sitemap,2020-05-03,2020-05-18,nein,archivieren,WordPress-Backup gemäß AKG-70; kein öffentlicher Redirect vorgesehen,noah.zepner@akg-kiel.de (Projektleitung/Koordination),AKG-53: redaktionelle Sammelentscheidung,Ausnahme nur bei dokumentiertem redaktionellem Bedarf und geklärten Medienrechten; ohne Rückmeldung keine Migration,2026-10-02
3,Predigt,Bei Gott zuhause,https://akg-kiel.de/predigten/bei-gott-zuhause,WordPress REST + Sitemap,2023-04-19,2023-04-19,nein,archivieren,WordPress-Backup gemäß AKG-70; kein öffentlicher Redirect vorgesehen,noah.zepner@akg-kiel.de (Projektleitung/Koordination),AKG-53: redaktionelle Sammelentscheidung,Ausnahme nur bei dokumentiertem redaktionellem Bedarf und geklärten Medienrechten; ohne Rückmeldung keine Migration,2026-10-02
3,Predigt,Berufung,https://akg-kiel.de/predigten/berufung,WordPress REST + Sitemap,2020-08-13,2020-08-13,nein,archivieren,WordPress-Backup gemäß AKG-70; kein öffentlicher Redirect vorgesehen,noah.zepner@akg-kiel.de (Projektleitung/Koordination),AKG-53: redaktionelle Sammelentscheidung,Ausnahme nur bei dokumentiertem redaktionellem Bedarf und geklärten Medienrechten; ohne Rückmeldung keine Migration,2026-10-02
3,Predigt,Das Bild vom Weinstock,https://akg-kiel.de/predigten/das-bild-vom-weinstock,WordPress REST + Sitemap,2021-10-10,2021-10-10,nein,archivieren,WordPress-Backup gemäß AKG-70; kein öffentlicher Redirect vorgesehen,noah.zepner@akg-kiel.de (Projektleitung/Koordination),AKG-53: redaktionelle Sammelentscheidung,Ausnahme nur bei dokumentiertem redaktionellem Bedarf und geklärten Medienrechten; ohne Rückmeldung keine Migration,2026-10-02
3,Predigt,Das Brot des Lebens,https://akg-kiel.de/predigten/das-brot-des-lebens,WordPress REST + Sitemap,2023-02-23,2023-02-23,nein,archivieren,WordPress-Backup gemäß AKG-70; kein öffentlicher Redirect vorgesehen,noah.zepner@akg-kiel.de (Projektleitung/Koordination),AKG-53: redaktionelle Sammelentscheidung,Ausnahme nur bei dokumentiertem redaktionellem Bedarf und geklärten Medienrechten; ohne Rückmeldung keine Migration,2026-10-02
3,Predigt,Das Gleichnis vom Unkraut im Weizenfeld,https://akg-kiel.de/predigten/das-gleichnis-vom-unkraut-im-weizenfeld,WordPress REST + Sitemap,2019-09-01,2020-03-31,nein,archivieren,WordPress-Backup gemäß AKG-70; kein öffentlicher Redirect vorgesehen,noah.zepner@akg-kiel.de (Projektleitung/Koordination),AKG-53: redaktionelle Sammelentscheidung,Ausnahme nur bei dokumentiertem redaktionellem Bedarf und geklärten Medienrechten; ohne Rückmeldung keine Migration,2026-10-02
3,Predigt,Das Licht der Welt,https://akg-kiel.de/predigten/das-licht-der-welt,WordPress REST + Sitemap,2023-02-23,2023-02-23,nein,archivieren,WordPress-Backup gemäß AKG-70; kein öffentlicher Redirect vorgesehen,noah.zepner@akg-kiel.de (Projektleitung/Koordination),AKG-53: redaktionelle Sammelentscheidung,Ausnahme nur bei dokumentiertem redaktionellem Bedarf und geklärten Medienrechten; ohne Rückmeldung keine Migration,2026-10-02
3,Predigt,Das Wunder der wiedergewonnenen Nähe,https://akg-kiel.de/predigten/das-wunder-der-wiedergewonnenen-naehe,WordPress REST + Sitemap,2021-02-22,2021-02-23,nein,archivieren,WordPress-Backup gemäß AKG-70; kein öffentlicher Redirect vorgesehen,noah.zepner@akg-kiel.de (Projektleitung/Koordination),AKG-53: redaktionelle Sammelentscheidung,Ausnahme nur bei dokumentiertem redaktionellem Bedarf und geklärten Medienrechten; ohne Rückmeldung keine Migration,2026-10-02
3,Predigt,David gegen Goliath,https://akg-kiel.de/predigten/david-gegen-goliath,WordPress REST + Sitemap,2022-06-29,2022-06-29,nein,archivieren,WordPress-Backup gemäß AKG-70; kein öffentlicher Redirect vorgesehen,noah.zepner@akg-kiel.de (Projektleitung/Koordination),AKG-53: redaktionelle Sammelentscheidung,Ausnahme nur bei dokumentiertem redaktionellem Bedarf und geklärten Medienrechten; ohne Rückmeldung keine Migration,2026-10-02
3,Predigt,Den Demütigen gibt er Gnade,https://akg-kiel.de/predigten/den-demuetigen-gibt-er-gnade,WordPress REST + Sitemap,2020-08-26,2020-08-26,nein,archivieren,WordPress-Backup gemäß AKG-70; kein öffentlicher Redirect vorgesehen,noah.zepner@akg-kiel.de (Projektleitung/Koordination),AKG-53: redaktionelle Sammelentscheidung,Ausnahme nur bei dokumentiertem redaktionellem Bedarf und geklärten Medienrechten; ohne Rückmeldung keine Migration,2026-10-02
3,Predigt,Der große Auftrag,https://akg-kiel.de/predigten/der-grosse-auftrag,WordPress REST + Sitemap,2021-08-03,2021-08-03,nein,archivieren,WordPress-Backup gemäß AKG-70; kein öffentlicher Redirect vorgesehen,noah.zepner@akg-kiel.de (Projektleitung/Koordination),AKG-53: redaktionelle Sammelentscheidung,Ausnahme nur bei dokumentiertem redaktionellem Bedarf und geklärten Medienrechten; ohne Rückmeldung keine Migration,2026-10-02
3,Predigt,Der Heilige Geist – voller Überraschungen,https://akg-kiel.de/predigten/der-heilige-geist-voller-ueberraschungen,WordPress REST + Sitemap,2020-06-04,2020-06-04,nein,archivieren,WordPress-Backup gemäß AKG-70; kein öffentlicher Redirect vorgesehen,noah.zepner@akg-kiel.de (Projektleitung/Koordination),AKG-53: redaktionelle Sammelentscheidung,Ausnahme nur bei dokumentiertem redaktionellem Bedarf und geklärten Medienrechten; ohne Rückmeldung keine Migration,2026-10-02
3,Predigt,Der irritierende Jesus : 100% radikales Leben !?,https://akg-kiel.de/predigten/der-irritierende-jesus-100-radikales-leben,WordPress REST + Sitemap,2021-04-09,2021-04-09,nein,archivieren,WordPress-Backup gemäß AKG-70; kein öffentlicher Redirect vorgesehen,noah.zepner@akg-kiel.de (Projektleitung/Koordination),AKG-53: redaktionelle Sammelentscheidung,Ausnahme nur bei dokumentiertem redaktionellem Bedarf und geklärten Medienrechten; ohne Rückmeldung keine Migration,2026-10-02
3,Predigt,Der irritierende Jesus : Jesus als Bräutigam,https://akg-kiel.de/predigten/der-irritierende-jesus-jesus-als-braeutigam,WordPress REST + Sitemap,2021-03-08,2021-03-08,nein,archivieren,WordPress-Backup gemäß AKG-70; kein öffentlicher Redirect vorgesehen,noah.zepner@akg-kiel.de (Projektleitung/Koordination),AKG-53: redaktionelle Sammelentscheidung,Ausnahme nur bei dokumentiertem redaktionellem Bedarf und geklärten Medienrechten; ohne Rückmeldung keine Migration,2026-10-02
3,Predigt,"Der irritierende Jesus : Reichtum, Sünde oder Segen",https://akg-kiel.de/predigten/der-irritierende-jesus-reichtum-suende-oder-segen,WordPress REST + Sitemap,2021-03-23,2021-03-23,nein,archivieren,WordPress-Backup gemäß AKG-70; kein öffentlicher Redirect vorgesehen,noah.zepner@akg-kiel.de (Projektleitung/Koordination),AKG-53: redaktionelle Sammelentscheidung,Ausnahme nur bei dokumentiertem redaktionellem Bedarf und geklärten Medienrechten; ohne Rückmeldung keine Migration,2026-10-02
3,Predigt,Der makelose Mensch,https://akg-kiel.de/predigten/der-makelose-mensch,WordPress REST + Sitemap,2020-03-30,2020-03-30,nein,archivieren,WordPress-Backup gemäß AKG-70; kein öffentlicher Redirect vorgesehen,noah.zepner@akg-kiel.de (Projektleitung/Koordination),AKG-53: redaktionelle Sammelentscheidung,Ausnahme nur bei dokumentiertem redaktionellem Bedarf und geklärten Medienrechten; ohne Rückmeldung keine Migration,2026-10-02
3,Predigt,Der Weg der Umkehr,https://akg-kiel.de/predigten/der-weg-der-umkehr,WordPress REST + Sitemap,2022-11-17,2022-11-17,nein,archivieren,WordPress-Backup gemäß AKG-70; kein öffentlicher Redirect vorgesehen,noah.zepner@akg-kiel.de (Projektleitung/Koordination),AKG-53: redaktionelle Sammelentscheidung,Ausnahme nur bei dokumentiertem redaktionellem Bedarf und geklärten Medienrechten; ohne Rückmeldung keine Migration,2026-10-02
3,Predigt,Die Entwicklung des jungen Jesus,https://akg-kiel.de/predigten/die-entwicklung-des-jungen-jesus,WordPress REST + Sitemap,2021-01-03,2021-01-03,nein,archivieren,WordPress-Backup gemäß AKG-70; kein öffentlicher Redirect vorgesehen,noah.zepner@akg-kiel.de (Projektleitung/Koordination),AKG-53: redaktionelle Sammelentscheidung,Ausnahme nur bei dokumentiertem redaktionellem Bedarf und geklärten Medienrechten; ohne Rückmeldung keine Migration,2026-10-02
3,Predigt,Die Kraft der Hoffnung,https://akg-kiel.de/predigten/die-kraft-der-hoffnung,WordPress REST + Sitemap,2022-11-17,2022-11-17,nein,archivieren,WordPress-Backup gemäß AKG-70; kein öffentlicher Redirect vorgesehen,noah.zepner@akg-kiel.de (Projektleitung/Koordination),AKG-53: redaktionelle Sammelentscheidung,Ausnahme nur bei dokumentiertem redaktionellem Bedarf und geklärten Medienrechten; ohne Rückmeldung keine Migration,2026-10-02
3,Predigt,Die Nächste. Bitte!,https://akg-kiel.de/predigten/die-naechste-bitte,WordPress REST + Sitemap,2021-08-30,2021-08-30,nein,archivieren,WordPress-Backup gemäß AKG-70; kein öffentlicher Redirect vorgesehen,noah.zepner@akg-kiel.de (Projektleitung/Koordination),AKG-53: redaktionelle Sammelentscheidung,Ausnahme nur bei dokumentiertem redaktionellem Bedarf und geklärten Medienrechten; ohne Rückmeldung keine Migration,2026-10-02
3,Predigt,Die neue Wirklichkeit,https://akg-kiel.de/predigten/die-neue-wirklichkeit,WordPress REST + Sitemap,2020-11-02,2020-11-02,nein,archivieren,WordPress-Backup gemäß AKG-70; kein öffentlicher Redirect vorgesehen,noah.zepner@akg-kiel.de (Projektleitung/Koordination),AKG-53: redaktionelle Sammelentscheidung,Ausnahme nur bei dokumentiertem redaktionellem Bedarf und geklärten Medienrechten; ohne Rückmeldung keine Migration,2026-10-02
3,Predigt,Doppelgebot der Liebe,https://akg-kiel.de/predigten/doppelgebot-der-liebe,WordPress REST + Sitemap,2020-10-19,2020-10-19,nein,archivieren,WordPress-Backup gemäß AKG-70; kein öffentlicher Redirect vorgesehen,noah.zepner@akg-kiel.de (Projektleitung/Koordination),AKG-53: redaktionelle Sammelentscheidung,Ausnahme nur bei dokumentiertem redaktionellem Bedarf und geklärten Medienrechten; ohne Rückmeldung keine Migration,2026-10-02
3,Predigt,Draußen vor der Stadt,https://akg-kiel.de/predigten/draussen-vor-der-stadt,WordPress REST + Sitemap,2020-04-08,2020-04-08,nein,archivieren,WordPress-Backup gemäß AKG-70; kein öffentlicher Redirect vorgesehen,noah.zepner@akg-kiel.de (Projektleitung/Koordination),AKG-53: redaktionelle Sammelentscheidung,Ausnahme nur bei dokumentiertem redaktionellem Bedarf und geklärten Medienrechten; ohne Rückmeldung keine Migration,2026-10-02
3,Predigt,"Du bist ein Gott, der mich sieht",https://akg-kiel.de/predigten/du-bist-ein-gott-der-mich-sieht,WordPress REST + Sitemap,2023-01-03,2023-01-03,nein,archivieren,WordPress-Backup gemäß AKG-70; kein öffentlicher Redirect vorgesehen,noah.zepner@akg-kiel.de (Projektleitung/Koordination),AKG-53: redaktionelle Sammelentscheidung,Ausnahme nur bei dokumentiertem redaktionellem Bedarf und geklärten Medienrechten; ohne Rückmeldung keine Migration,2026-10-02
3,Predigt,"Du bist ein Gott, der mich sieht",https://akg-kiel.de/predigten/du-bist-ein-gott-der-mich-sieht-2,WordPress REST + Sitemap,2023-01-08,2023-01-08,nein,archivieren,WordPress-Backup gemäß AKG-70; kein öffentlicher Redirect vorgesehen,noah.zepner@akg-kiel.de (Projektleitung/Koordination),AKG-53: redaktionelle Sammelentscheidung,Ausnahme nur bei dokumentiertem redaktionellem Bedarf und geklärten Medienrechten; ohne Rückmeldung keine Migration,2026-10-02
3,Predigt,Ein Blick auf Gottes Geschenketisch: Prophetie,https://akg-kiel.de/predigten/ein-blick-auf-gottes-geschenketisch-prophetie,WordPress REST + Sitemap,2021-06-20,2021-07-06,nein,archivieren,WordPress-Backup gemäß AKG-70; kein öffentlicher Redirect vorgesehen,noah.zepner@akg-kiel.de (Projektleitung/Koordination),AKG-53: redaktionelle Sammelentscheidung,Ausnahme nur bei dokumentiertem redaktionellem Bedarf und geklärten Medienrechten; ohne Rückmeldung keine Migration,2026-10-02
3,Predigt,Ein Leben ohne Perspektive,https://akg-kiel.de/predigten/ein-leben-ohne-perspektive,WordPress REST + Sitemap,2020-12-13,2021-01-03,nein,archivieren,WordPress-Backup gemäß AKG-70; kein öffentlicher Redirect vorgesehen,noah.zepner@akg-kiel.de (Projektleitung/Koordination),AKG-53: redaktionelle Sammelentscheidung,Ausnahme nur bei dokumentiertem redaktionellem Bedarf und geklärten Medienrechten; ohne Rückmeldung keine Migration,2026-10-02
3,Predigt,Eine Familiengeschichte,https://akg-kiel.de/predigten/eine-familiengeschichte,WordPress REST + Sitemap,2021-07-06,2021-07-06,nein,archivieren,WordPress-Backup gemäß AKG-70; kein öffentlicher Redirect vorgesehen,noah.zepner@akg-kiel.de (Projektleitung/Koordination),AKG-53: redaktionelle Sammelentscheidung,Ausnahme nur bei dokumentiertem redaktionellem Bedarf und geklärten Medienrechten; ohne Rückmeldung keine Migration,2026-10-02
3,Predigt,Eine starke Gemeinschaft,https://akg-kiel.de/predigten/eine-starke-gemeinschaft,WordPress REST + Sitemap,2023-02-04,2023-02-04,nein,archivieren,WordPress-Backup gemäß AKG-70; kein öffentlicher Redirect vorgesehen,noah.zepner@akg-kiel.de (Projektleitung/Koordination),AKG-53: redaktionelle Sammelentscheidung,Ausnahme nur bei dokumentiertem redaktionellem Bedarf und geklärten Medienrechten; ohne Rückmeldung keine Migration,2026-10-02
3,Predigt,"Einer der in der Krise steckte, Angst hatte und dem es eng ums Herz war, dankt jetzt Gott",https://akg-kiel.de/predigten/einer-der-in-der-krise-steckte-angst-hatte-und-dem-es-eng-ums-herz-war-dankt-jetzt-gott,WordPress REST + Sitemap,2021-06-20,2021-06-20,nein,archivieren,WordPress-Backup gemäß AKG-70; kein öffentlicher Redirect vorgesehen,noah.zepner@akg-kiel.de (Projektleitung/Koordination),AKG-53: redaktionelle Sammelentscheidung,Ausnahme nur bei dokumentiertem redaktionellem Bedarf und geklärten Medienrechten; ohne Rückmeldung keine Migration,2026-10-02
3,Predigt,Er ist auferstanden!,https://akg-kiel.de/predigten/er-ist-auferstanden,WordPress REST + Sitemap,2023-04-19,2023-04-19,nein,archivieren,WordPress-Backup gemäß AKG-70; kein öffentlicher Redirect vorgesehen,noah.zepner@akg-kiel.de (Projektleitung/Koordination),AKG-53: redaktionelle Sammelentscheidung,Ausnahme nur bei dokumentiertem redaktionellem Bedarf und geklärten Medienrechten; ohne Rückmeldung keine Migration,2026-10-02
3,Predigt,Er ist für Dich,https://akg-kiel.de/predigten/er-ist-fuer-dich,WordPress REST + Sitemap,2020-05-21,2020-05-21,nein,archivieren,WordPress-Backup gemäß AKG-70; kein öffentlicher Redirect vorgesehen,noah.zepner@akg-kiel.de (Projektleitung/Koordination),AKG-53: redaktionelle Sammelentscheidung,Ausnahme nur bei dokumentiertem redaktionellem Bedarf und geklärten Medienrechten; ohne Rückmeldung keine Migration,2026-10-02
3,Predigt,Ermutigt aufstehen,https://akg-kiel.de/predigten/ermutigt-aufstehen,WordPress REST + Sitemap,2020-06-23,2020-06-23,nein,archivieren,WordPress-Backup gemäß AKG-70; kein öffentlicher Redirect vorgesehen,noah.zepner@akg-kiel.de (Projektleitung/Koordination),AKG-53: redaktionelle Sammelentscheidung,Ausnahme nur bei dokumentiertem redaktionellem Bedarf und geklärten Medienrechten; ohne Rückmeldung keine Migration,2026-10-02
3,Predigt,Esters Entscheidung,https://akg-kiel.de/predigten/esters-entscheidung,WordPress REST + Sitemap,2020-07-01,2020-07-01,nein,archivieren,WordPress-Backup gemäß AKG-70; kein öffentlicher Redirect vorgesehen,noah.zepner@akg-kiel.de (Projektleitung/Koordination),AKG-53: redaktionelle Sammelentscheidung,Ausnahme nur bei dokumentiertem redaktionellem Bedarf und geklärten Medienrechten; ohne Rückmeldung keine Migration,2026-10-02
3,Predigt,Esther „Eine mutige Frau!“,https://akg-kiel.de/predigten/esther-eine-mutige-frau,WordPress REST + Sitemap,2021-07-18,2021-07-18,nein,archivieren,WordPress-Backup gemäß AKG-70; kein öffentlicher Redirect vorgesehen,noah.zepner@akg-kiel.de (Projektleitung/Koordination),AKG-53: redaktionelle Sammelentscheidung,Ausnahme nur bei dokumentiertem redaktionellem Bedarf und geklärten Medienrechten; ohne Rückmeldung keine Migration,2026-10-02
3,Predigt,Evangelium für die Armen,https://akg-kiel.de/predigten/evangelium-fuer-die-armen,WordPress REST + Sitemap,2020-09-08,2020-09-08,nein,archivieren,WordPress-Backup gemäß AKG-70; kein öffentlicher Redirect vorgesehen,noah.zepner@akg-kiel.de (Projektleitung/Koordination),AKG-53: redaktionelle Sammelentscheidung,Ausnahme nur bei dokumentiertem redaktionellem Bedarf und geklärten Medienrechten; ohne Rückmeldung keine Migration,2026-10-02
3,Predigt,Ewigkeitssonntag: Alles neu,https://akg-kiel.de/predigten/ewigkeitssonntag-alles-neu,WordPress REST + Sitemap,2020-11-23,2020-11-23,nein,archivieren,WordPress-Backup gemäß AKG-70; kein öffentlicher Redirect vorgesehen,noah.zepner@akg-kiel.de (Projektleitung/Koordination),AKG-53: redaktionelle Sammelentscheidung,Ausnahme nur bei dokumentiertem redaktionellem Bedarf und geklärten Medienrechten; ohne Rückmeldung keine Migration,2026-10-02
3,Predigt,Familiengottesdienst,https://akg-kiel.de/predigten/familiengottesdienst,WordPress REST + Sitemap,2023-02-05,2023-02-05,nein,archivieren,WordPress-Backup gemäß AKG-70; kein öffentlicher Redirect vorgesehen,noah.zepner@akg-kiel.de (Projektleitung/Koordination),AKG-53: redaktionelle Sammelentscheidung,Ausnahme nur bei dokumentiertem redaktionellem Bedarf und geklärten Medienrechten; ohne Rückmeldung keine Migration,2026-10-02
3,Predigt,Familiengottesdienst zum Erntedank Thema: Teilen,https://akg-kiel.de/predigten/familiengottesdienst-zum-erntedank-thema-teilen,WordPress REST + Sitemap,2022-10-08,2022-10-08,nein,archivieren,WordPress-Backup gemäß AKG-70; kein öffentlicher Redirect vorgesehen,noah.zepner@akg-kiel.de (Projektleitung/Koordination),AKG-53: redaktionelle Sammelentscheidung,Ausnahme nur bei dokumentiertem redaktionellem Bedarf und geklärten Medienrechten; ohne Rückmeldung keine Migration,2026-10-02
3,Predigt,Fata Morgana – Verzerrter Blick,https://akg-kiel.de/predigten/fata-morgana-verzerrter-blick,WordPress REST + Sitemap,2020-03-23,2020-03-23,nein,archivieren,WordPress-Backup gemäß AKG-70; kein öffentlicher Redirect vorgesehen,noah.zepner@akg-kiel.de (Projektleitung/Koordination),AKG-53: redaktionelle Sammelentscheidung,Ausnahme nur bei dokumentiertem redaktionellem Bedarf und geklärten Medienrechten; ohne Rückmeldung keine Migration,2026-10-02
3,Predigt,Fest machen,https://akg-kiel.de/predigten/fest-machen,WordPress REST + Sitemap,2022-10-08,2022-10-08,nein,archivieren,WordPress-Backup gemäß AKG-70; kein öffentlicher Redirect vorgesehen,noah.zepner@akg-kiel.de (Projektleitung/Koordination),AKG-53: redaktionelle Sammelentscheidung,Ausnahme nur bei dokumentiertem redaktionellem Bedarf und geklärten Medienrechten; ohne Rückmeldung keine Migration,2026-10-02
3,Predigt,Flügel statt Füße,https://akg-kiel.de/predigten/fluegel-statt-fuesse,WordPress REST + Sitemap,2020-04-20,2020-04-20,nein,archivieren,WordPress-Backup gemäß AKG-70; kein öffentlicher Redirect vorgesehen,noah.zepner@akg-kiel.de (Projektleitung/Koordination),AKG-53: redaktionelle Sammelentscheidung,Ausnahme nur bei dokumentiertem redaktionellem Bedarf und geklärten Medienrechten; ohne Rückmeldung keine Migration,2026-10-02
3,Predigt,Forever Young,https://akg-kiel.de/predigten/forever-young,WordPress REST + Sitemap,2021-10-21,2021-10-21,nein,archivieren,WordPress-Backup gemäß AKG-70; kein öffentlicher Redirect vorgesehen,noah.zepner@akg-kiel.de (Projektleitung/Koordination),AKG-53: redaktionelle Sammelentscheidung,Ausnahme nur bei dokumentiertem redaktionellem Bedarf und geklärten Medienrechten; ohne Rückmeldung keine Migration,2026-10-02
3,Predigt,Frederik und die Mäuse,https://akg-kiel.de/predigten/frederik-und-die-maeuse,WordPress REST + Sitemap,2021-10-03,2021-10-03,nein,archivieren,WordPress-Backup gemäß AKG-70; kein öffentlicher Redirect vorgesehen,noah.zepner@akg-kiel.de (Projektleitung/Koordination),AKG-53: redaktionelle Sammelentscheidung,Ausnahme nur bei dokumentiertem redaktionellem Bedarf und geklärten Medienrechten; ohne Rückmeldung keine Migration,2026-10-02
3,Predigt,Reifen oder Rückzug,https://akg-kiel.de/predigten/frei-aber-im-kopf-noch-sklave,WordPress REST + Sitemap,2020-03-08,2020-04-05,nein,archivieren,WordPress-Backup gemäß AKG-70; kein öffentlicher Redirect vorgesehen,noah.zepner@akg-kiel.de (Projektleitung/Koordination),AKG-53: redaktionelle Sammelentscheidung,Ausnahme nur bei dokumentiertem redaktionellem Bedarf und geklärten Medienrechten; ohne Rückmeldung keine Migration,2026-10-02
3,Predigt,Freude an der Schöpfung,https://akg-kiel.de/predigten/freude-an-der-schoepfung,WordPress REST + Sitemap,2023-01-08,2023-01-08,nein,archivieren,WordPress-Backup gemäß AKG-70; kein öffentlicher Redirect vorgesehen,noah.zepner@akg-kiel.de (Projektleitung/Koordination),AKG-53: redaktionelle Sammelentscheidung,Ausnahme nur bei dokumentiertem redaktionellem Bedarf und geklärten Medienrechten; ohne Rückmeldung keine Migration,2026-10-02
3,Predigt,Freuet euch!,https://akg-kiel.de/predigten/freuet-euch,WordPress REST + Sitemap,2022-12-27,2023-01-03,nein,archivieren,WordPress-Backup gemäß AKG-70; kein öffentlicher Redirect vorgesehen,noah.zepner@akg-kiel.de (Projektleitung/Koordination),AKG-53: redaktionelle Sammelentscheidung,Ausnahme nur bei dokumentiertem redaktionellem Bedarf und geklärten Medienrechten; ohne Rückmeldung keine Migration,2026-10-02
3,Predigt,"Gebet eines jungen, verirrten oder reifen Menschen !?",https://akg-kiel.de/predigten/gebet-eines-jungen-verirrten-oder-reifen-menschen,WordPress REST + Sitemap,2020-08-18,2020-08-18,nein,archivieren,WordPress-Backup gemäß AKG-70; kein öffentlicher Redirect vorgesehen,noah.zepner@akg-kiel.de (Projektleitung/Koordination),AKG-53: redaktionelle Sammelentscheidung,Ausnahme nur bei dokumentiertem redaktionellem Bedarf und geklärten Medienrechten; ohne Rückmeldung keine Migration,2026-10-02
3,Predigt,Gemeinsam stärker,https://akg-kiel.de/predigten/gemeinsam-staerker,WordPress REST + Sitemap,2020-03-20,2020-03-20,nein,archivieren,WordPress-Backup gemäß AKG-70; kein öffentlicher Redirect vorgesehen,noah.zepner@akg-kiel.de (Projektleitung/Koordination),AKG-53: redaktionelle Sammelentscheidung,Ausnahme nur bei dokumentiertem redaktionellem Bedarf und geklärten Medienrechten; ohne Rückmeldung keine Migration,2026-10-02
3,Predigt,Gerade zur rechten Zeit,https://akg-kiel.de/predigten/gerade-zur-rechten-zeit,WordPress REST + Sitemap,2020-02-10,2020-02-10,nein,archivieren,WordPress-Backup gemäß AKG-70; kein öffentlicher Redirect vorgesehen,noah.zepner@akg-kiel.de (Projektleitung/Koordination),AKG-53: redaktionelle Sammelentscheidung,Ausnahme nur bei dokumentiertem redaktionellem Bedarf und geklärten Medienrechten; ohne Rückmeldung keine Migration,2026-10-02
3,Predigt,Glaube und Zweifel,https://akg-kiel.de/predigten/glaube-und-zweifel,WordPress REST + Sitemap,2021-05-07,2021-05-07,nein,archivieren,WordPress-Backup gemäß AKG-70; kein öffentlicher Redirect vorgesehen,noah.zepner@akg-kiel.de (Projektleitung/Koordination),AKG-53: redaktionelle Sammelentscheidung,Ausnahme nur bei dokumentiertem redaktionellem Bedarf und geklärten Medienrechten; ohne Rückmeldung keine Migration,2026-10-02
3,Predigt,Glocken der Petruskirche,https://akg-kiel.de/predigten/glocken-der-petruskirche,WordPress REST + Sitemap,2020-03-31,2020-03-31,nein,archivieren,WordPress-Backup gemäß AKG-70; kein öffentlicher Redirect vorgesehen,noah.zepner@akg-kiel.de (Projektleitung/Koordination),AKG-53: redaktionelle Sammelentscheidung,Ausnahme nur bei dokumentiertem redaktionellem Bedarf und geklärten Medienrechten; ohne Rückmeldung keine Migration,2026-10-02
3,Predigt,Gott hat einen eigenen Zeitplan,https://akg-kiel.de/predigten/gott-hat-einen-eigenen-zeitplan,WordPress REST + Sitemap,2019-08-25,2020-03-31,nein,archivieren,WordPress-Backup gemäß AKG-70; kein öffentlicher Redirect vorgesehen,noah.zepner@akg-kiel.de (Projektleitung/Koordination),AKG-53: redaktionelle Sammelentscheidung,Ausnahme nur bei dokumentiertem redaktionellem Bedarf und geklärten Medienrechten; ohne Rückmeldung keine Migration,2026-10-02
3,Predigt,Gott ist dir näher als du denkst.,https://akg-kiel.de/predigten/gott-ist-die-naeher-als-du-denkst,WordPress REST + Sitemap,2020-10-12,2020-10-12,nein,archivieren,WordPress-Backup gemäß AKG-70; kein öffentlicher Redirect vorgesehen,noah.zepner@akg-kiel.de (Projektleitung/Koordination),AKG-53: redaktionelle Sammelentscheidung,Ausnahme nur bei dokumentiertem redaktionellem Bedarf und geklärten Medienrechten; ohne Rückmeldung keine Migration,2026-10-02
3,Predigt,Gott stößt auf Widerstand,https://akg-kiel.de/predigten/gott-stoesst-auf-widerstand,WordPress REST + Sitemap,2020-05-03,2020-05-18,nein,archivieren,WordPress-Backup gemäß AKG-70; kein öffentlicher Redirect vorgesehen,noah.zepner@akg-kiel.de (Projektleitung/Koordination),AKG-53: redaktionelle Sammelentscheidung,Ausnahme nur bei dokumentiertem redaktionellem Bedarf und geklärten Medienrechten; ohne Rückmeldung keine Migration,2026-10-02
3,Predigt,Gottes Fürsorge führt uns zu Dankbarkeit,https://akg-kiel.de/predigten/gottes-fuersorge-fuehrt-uns-zu-dankbarkeit,WordPress REST + Sitemap,2020-10-05,2020-10-05,nein,archivieren,WordPress-Backup gemäß AKG-70; kein öffentlicher Redirect vorgesehen,noah.zepner@akg-kiel.de (Projektleitung/Koordination),AKG-53: redaktionelle Sammelentscheidung,Ausnahme nur bei dokumentiertem redaktionellem Bedarf und geklärten Medienrechten; ohne Rückmeldung keine Migration,2026-10-02
3,Predigt,Gottes Güte geht Jona zu weit,https://akg-kiel.de/predigten/gottes-guete-geht-jona-zu-weit,WordPress REST + Sitemap,2020-05-18,2020-05-18,nein,archivieren,WordPress-Backup gemäß AKG-70; kein öffentlicher Redirect vorgesehen,noah.zepner@akg-kiel.de (Projektleitung/Koordination),AKG-53: redaktionelle Sammelentscheidung,Ausnahme nur bei dokumentiertem redaktionellem Bedarf und geklärten Medienrechten; ohne Rückmeldung keine Migration,2026-10-02
3,Predigt,Grenzenlos,https://akg-kiel.de/predigten/grenzenlos,WordPress REST + Sitemap,2020-01-26,2020-01-26,nein,archivieren,WordPress-Backup gemäß AKG-70; kein öffentlicher Redirect vorgesehen,noah.zepner@akg-kiel.de (Projektleitung/Koordination),AKG-53: redaktionelle Sammelentscheidung,Ausnahme nur bei dokumentiertem redaktionellem Bedarf und geklärten Medienrechten; ohne Rückmeldung keine Migration,2026-10-02
3,Predigt,Gründonnerstag – Erinnerungsmahl,https://akg-kiel.de/predigten/gruendonnerstag-erinnerungsmahl,WordPress REST + Sitemap,2020-04-10,2020-04-10,nein,archivieren,WordPress-Backup gemäß AKG-70; kein öffentlicher Redirect vorgesehen,noah.zepner@akg-kiel.de (Projektleitung/Koordination),AKG-53: redaktionelle Sammelentscheidung,Ausnahme nur bei dokumentiertem redaktionellem Bedarf und geklärten Medienrechten; ohne Rückmeldung keine Migration,2026-10-02
3,Predigt,Handfeste Argumente,https://akg-kiel.de/predigten/handfeste-argumente,WordPress REST + Sitemap,2022-07-19,2022-07-19,nein,archivieren,WordPress-Backup gemäß AKG-70; kein öffentlicher Redirect vorgesehen,noah.zepner@akg-kiel.de (Projektleitung/Koordination),AKG-53: redaktionelle Sammelentscheidung,Ausnahme nur bei dokumentiertem redaktionellem Bedarf und geklärten Medienrechten; ohne Rückmeldung keine Migration,2026-10-02
3,Predigt,Herausforderungen in einer schwierigen Zeit,https://akg-kiel.de/predigten/herausforderungen-in-einer-schwierigen-zeit,WordPress REST + Sitemap,2022-04-04,2022-04-04,nein,archivieren,WordPress-Backup gemäß AKG-70; kein öffentlicher Redirect vorgesehen,noah.zepner@akg-kiel.de (Projektleitung/Koordination),AKG-53: redaktionelle Sammelentscheidung,Ausnahme nur bei dokumentiertem redaktionellem Bedarf und geklärten Medienrechten; ohne Rückmeldung keine Migration,2026-10-02
3,Predigt,Hohelied der Liebe,https://akg-kiel.de/predigten/hohelied-der-liebe,WordPress REST + Sitemap,2023-03-07,2023-03-07,nein,archivieren,WordPress-Backup gemäß AKG-70; kein öffentlicher Redirect vorgesehen,noah.zepner@akg-kiel.de (Projektleitung/Koordination),AKG-53: redaktionelle Sammelentscheidung,Ausnahme nur bei dokumentiertem redaktionellem Bedarf und geklärten Medienrechten; ohne Rückmeldung keine Migration,2026-10-02
3,Predigt,Ich bin der gute Hirte,https://akg-kiel.de/predigten/ich-bin-der-gute-hirte,WordPress REST + Sitemap,2023-04-09,2023-04-09,nein,archivieren,WordPress-Backup gemäß AKG-70; kein öffentlicher Redirect vorgesehen,noah.zepner@akg-kiel.de (Projektleitung/Koordination),AKG-53: redaktionelle Sammelentscheidung,Ausnahme nur bei dokumentiertem redaktionellem Bedarf und geklärten Medienrechten; ohne Rückmeldung keine Migration,2026-10-02
3,Predigt,Ich bin der wahre Weinstock,https://akg-kiel.de/predigten/ich-bin-der-wahre-weinstock,WordPress REST + Sitemap,2023-04-01,2023-04-01,nein,archivieren,WordPress-Backup gemäß AKG-70; kein öffentlicher Redirect vorgesehen,noah.zepner@akg-kiel.de (Projektleitung/Koordination),AKG-53: redaktionelle Sammelentscheidung,Ausnahme nur bei dokumentiertem redaktionellem Bedarf und geklärten Medienrechten; ohne Rückmeldung keine Migration,2026-10-02
3,Predigt,"Ich bin der Weg, die Wahrheit und das Leben.",https://akg-kiel.de/predigten/ich-bin-der-weg-die-wahrheit-und-das-leben,WordPress REST + Sitemap,2023-03-22,2023-03-22,nein,archivieren,WordPress-Backup gemäß AKG-70; kein öffentlicher Redirect vorgesehen,noah.zepner@akg-kiel.de (Projektleitung/Koordination),AKG-53: redaktionelle Sammelentscheidung,Ausnahme nur bei dokumentiertem redaktionellem Bedarf und geklärten Medienrechten; ohne Rückmeldung keine Migration,2026-10-02
3,Predigt,Ich bin die Auferstehung und das Leben,https://akg-kiel.de/predigten/ich-bin-die-auferstehung-und-das-leben,WordPress REST + Sitemap,2023-03-22,2023-03-22,nein,archivieren,WordPress-Backup gemäß AKG-70; kein öffentlicher Redirect vorgesehen,noah.zepner@akg-kiel.de (Projektleitung/Koordination),AKG-53: redaktionelle Sammelentscheidung,Ausnahme nur bei dokumentiertem redaktionellem Bedarf und geklärten Medienrechten; ohne Rückmeldung keine Migration,2026-10-02
3,Predigt,Ich bin die Tür,https://akg-kiel.de/predigten/ich-bin-die-tuer,WordPress REST + Sitemap,2023-03-07,2023-03-07,nein,archivieren,WordPress-Backup gemäß AKG-70; kein öffentlicher Redirect vorgesehen,noah.zepner@akg-kiel.de (Projektleitung/Koordination),AKG-53: redaktionelle Sammelentscheidung,Ausnahme nur bei dokumentiertem redaktionellem Bedarf und geklärten Medienrechten; ohne Rückmeldung keine Migration,2026-10-02
3,Predigt,Ihr seid das Salz der Erde,https://akg-kiel.de/predigten/ihr-seid-das-salz-der-erde,WordPress REST + Sitemap,2021-07-25,2021-07-25,nein,archivieren,WordPress-Backup gemäß AKG-70; kein öffentlicher Redirect vorgesehen,noah.zepner@akg-kiel.de (Projektleitung/Koordination),AKG-53: redaktionelle Sammelentscheidung,Ausnahme nur bei dokumentiertem redaktionellem Bedarf und geklärten Medienrechten; ohne Rückmeldung keine Migration,2026-10-02
3,Predigt,Im Gespäch sein mit dem Auferstandenen,https://akg-kiel.de/predigten/im-gespaech-sein-mit-dem-auferstandenen,WordPress REST + Sitemap,2021-04-22,2021-04-22,nein,archivieren,WordPress-Backup gemäß AKG-70; kein öffentlicher Redirect vorgesehen,noah.zepner@akg-kiel.de (Projektleitung/Koordination),AKG-53: redaktionelle Sammelentscheidung,Ausnahme nur bei dokumentiertem redaktionellem Bedarf und geklärten Medienrechten; ohne Rückmeldung keine Migration,2026-10-02
3,Predigt,Jahreslosung 2022,https://akg-kiel.de/predigten/jahreslosung-2022,WordPress REST + Sitemap,2022-01-22,2022-01-22,nein,archivieren,WordPress-Backup gemäß AKG-70; kein öffentlicher Redirect vorgesehen,noah.zepner@akg-kiel.de (Projektleitung/Koordination),AKG-53: redaktionelle Sammelentscheidung,Ausnahme nur bei dokumentiertem redaktionellem Bedarf und geklärten Medienrechten; ohne Rückmeldung keine Migration,2026-10-02
3,Predigt,jeden Morgen neu!,https://akg-kiel.de/predigten/jeden-morgen-neu,WordPress REST + Sitemap,2021-08-18,2021-08-18,nein,archivieren,WordPress-Backup gemäß AKG-70; kein öffentlicher Redirect vorgesehen,noah.zepner@akg-kiel.de (Projektleitung/Koordination),AKG-53: redaktionelle Sammelentscheidung,Ausnahme nur bei dokumentiertem redaktionellem Bedarf und geklärten Medienrechten; ohne Rückmeldung keine Migration,2026-10-02
3,Predigt,Jesus begegnet Menschen – Heute: Begegnung mit einer Sünderin,https://akg-kiel.de/predigten/jesus-begegnet-menschen-heute-begegnung-mit-einer-suenderin,WordPress REST + Sitemap,2021-02-01,2021-02-01,nein,archivieren,WordPress-Backup gemäß AKG-70; kein öffentlicher Redirect vorgesehen,noah.zepner@akg-kiel.de (Projektleitung/Koordination),AKG-53: redaktionelle Sammelentscheidung,Ausnahme nur bei dokumentiertem redaktionellem Bedarf und geklärten Medienrechten; ohne Rückmeldung keine Migration,2026-10-02
3,Predigt,Jesus begegnet Menschen – Heute: Lazarus stirbt und Jesus begegnet Maria und Marta,https://akg-kiel.de/predigten/jesus-begegnet-menschen-heute-lazarus-stirbt-und-jesus-begegnet-maria-und-marta,WordPress REST + Sitemap,2021-02-01,2021-02-01,nein,archivieren,WordPress-Backup gemäß AKG-70; kein öffentlicher Redirect vorgesehen,noah.zepner@akg-kiel.de (Projektleitung/Koordination),AKG-53: redaktionelle Sammelentscheidung,Ausnahme nur bei dokumentiertem redaktionellem Bedarf und geklärten Medienrechten; ohne Rückmeldung keine Migration,2026-10-02
3,Predigt,Jesus in dem letzten Buch der Bibel: Die Offenbarung,https://akg-kiel.de/predigten/jesus-in-dem-letzten-buch-der-bibel-die-offenbarung,WordPress REST + Sitemap,2021-05-16,2021-05-16,nein,archivieren,WordPress-Backup gemäß AKG-70; kein öffentlicher Redirect vorgesehen,noah.zepner@akg-kiel.de (Projektleitung/Koordination),AKG-53: redaktionelle Sammelentscheidung,Ausnahme nur bei dokumentiertem redaktionellem Bedarf und geklärten Medienrechten; ohne Rückmeldung keine Migration,2026-10-02
3,Predigt,Jesus Wiederkehr,https://akg-kiel.de/predigten/jesus-wiederkehr,WordPress REST + Sitemap,2020-11-09,2020-11-09,nein,archivieren,WordPress-Backup gemäß AKG-70; kein öffentlicher Redirect vorgesehen,noah.zepner@akg-kiel.de (Projektleitung/Koordination),AKG-53: redaktionelle Sammelentscheidung,Ausnahme nur bei dokumentiertem redaktionellem Bedarf und geklärten Medienrechten; ohne Rückmeldung keine Migration,2026-10-02
3,Predigt,Jona in Ninive,https://akg-kiel.de/predigten/jona-in-ninive,WordPress REST + Sitemap,2020-05-11,2020-05-18,nein,archivieren,WordPress-Backup gemäß AKG-70; kein öffentlicher Redirect vorgesehen,noah.zepner@akg-kiel.de (Projektleitung/Koordination),AKG-53: redaktionelle Sammelentscheidung,Ausnahme nur bei dokumentiertem redaktionellem Bedarf und geklärten Medienrechten; ohne Rückmeldung keine Migration,2026-10-02
3,Predigt,Jugendfreizeit : Wer ist Gott,https://akg-kiel.de/predigten/jugendfreizeit-wer-ist-gott,WordPress REST + Sitemap,2020-08-13,2020-08-13,nein,archivieren,WordPress-Backup gemäß AKG-70; kein öffentlicher Redirect vorgesehen,noah.zepner@akg-kiel.de (Projektleitung/Koordination),AKG-53: redaktionelle Sammelentscheidung,Ausnahme nur bei dokumentiertem redaktionellem Bedarf und geklärten Medienrechten; ohne Rückmeldung keine Migration,2026-10-02
3,Predigt,Karfreitag,https://akg-kiel.de/predigten/karfreitag,WordPress REST + Sitemap,2020-04-10,2020-04-10,nein,archivieren,WordPress-Backup gemäß AKG-70; kein öffentlicher Redirect vorgesehen,noah.zepner@akg-kiel.de (Projektleitung/Koordination),AKG-53: redaktionelle Sammelentscheidung,Ausnahme nur bei dokumentiertem redaktionellem Bedarf und geklärten Medienrechten; ohne Rückmeldung keine Migration,2026-10-02
3,Predigt,"Karfreitag, 15.04.2022",https://akg-kiel.de/predigten/karfreitag-15-04-2022,WordPress REST + Sitemap,2022-04-16,2022-04-16,nein,archivieren,WordPress-Backup gemäß AKG-70; kein öffentlicher Redirect vorgesehen,noah.zepner@akg-kiel.de (Projektleitung/Koordination),AKG-53: redaktionelle Sammelentscheidung,Ausnahme nur bei dokumentiertem redaktionellem Bedarf und geklärten Medienrechten; ohne Rückmeldung keine Migration,2026-10-02
3,Predigt,Karfreitag – Gedenken der Kreuzigung Jesu,https://akg-kiel.de/predigten/karfreitag-gedenken-der-kreuzigung-jesu,WordPress REST + Sitemap,2023-04-09,2023-04-09,nein,archivieren,WordPress-Backup gemäß AKG-70; kein öffentlicher Redirect vorgesehen,noah.zepner@akg-kiel.de (Projektleitung/Koordination),AKG-53: redaktionelle Sammelentscheidung,Ausnahme nur bei dokumentiertem redaktionellem Bedarf und geklärten Medienrechten; ohne Rückmeldung keine Migration,2026-10-02
3,Predigt,Kind Gottes sein durch Nachfolge,https://akg-kiel.de/predigten/kind-gottes-sein-durch-nachfolge,WordPress REST + Sitemap,2023-05-31,2023-05-31,nein,archivieren,WordPress-Backup gemäß AKG-70; kein öffentlicher Redirect vorgesehen,noah.zepner@akg-kiel.de (Projektleitung/Koordination),AKG-53: redaktionelle Sammelentscheidung,Ausnahme nur bei dokumentiertem redaktionellem Bedarf und geklärten Medienrechten; ohne Rückmeldung keine Migration,2026-10-02
3,Predigt,Könige,https://akg-kiel.de/predigten/koenige,WordPress REST + Sitemap,2020-07-28,2020-07-28,nein,archivieren,WordPress-Backup gemäß AKG-70; kein öffentlicher Redirect vorgesehen,noah.zepner@akg-kiel.de (Projektleitung/Koordination),AKG-53: redaktionelle Sammelentscheidung,Ausnahme nur bei dokumentiertem redaktionellem Bedarf und geklärten Medienrechten; ohne Rückmeldung keine Migration,2026-10-02
3,Predigt,Konfirmation 2022,https://akg-kiel.de/predigten/konfirmation-2022,WordPress REST + Sitemap,2022-05-09,2022-05-09,nein,archivieren,WordPress-Backup gemäß AKG-70; kein öffentlicher Redirect vorgesehen,noah.zepner@akg-kiel.de (Projektleitung/Koordination),AKG-53: redaktionelle Sammelentscheidung,Ausnahme nur bei dokumentiertem redaktionellem Bedarf und geklärten Medienrechten; ohne Rückmeldung keine Migration,2026-10-02
3,Predigt,Konflikte konstruktiv bearbeiten!,https://akg-kiel.de/predigten/konflikte-konstruktiv-bearbeiten,WordPress REST + Sitemap,2022-03-23,2022-03-23,nein,archivieren,WordPress-Backup gemäß AKG-70; kein öffentlicher Redirect vorgesehen,noah.zepner@akg-kiel.de (Projektleitung/Koordination),AKG-53: redaktionelle Sammelentscheidung,Ausnahme nur bei dokumentiertem redaktionellem Bedarf und geklärten Medienrechten; ohne Rückmeldung keine Migration,2026-10-02
3,Predigt,Ein Mann des Gebetes,https://akg-kiel.de/predigten/lass-dein-herz-bei-gott,WordPress REST + Sitemap,2020-06-07,2020-06-08,nein,archivieren,WordPress-Backup gemäß AKG-70; kein öffentlicher Redirect vorgesehen,noah.zepner@akg-kiel.de (Projektleitung/Koordination),AKG-53: redaktionelle Sammelentscheidung,Ausnahme nur bei dokumentiertem redaktionellem Bedarf und geklärten Medienrechten; ohne Rückmeldung keine Migration,2026-10-02
3,Predigt,Leben mit dem Auferstandenen: Leben mit Kindern,https://akg-kiel.de/predigten/leben-mit-dem-auferstandenen-leben-mit-kindern,WordPress REST + Sitemap,2021-05-13,2021-05-13,nein,archivieren,WordPress-Backup gemäß AKG-70; kein öffentlicher Redirect vorgesehen,noah.zepner@akg-kiel.de (Projektleitung/Koordination),AKG-53: redaktionelle Sammelentscheidung,Ausnahme nur bei dokumentiertem redaktionellem Bedarf und geklärten Medienrechten; ohne Rückmeldung keine Migration,2026-10-02
3,Predigt,Leben mit dem Auferstandenen : Liebe deinen Nächsten wie dich selbst,https://akg-kiel.de/predigten/leben-mit-dem-auferstndenen-liebe-deinen-naechsten-wie-dich-selbst,WordPress REST + Sitemap,2021-05-07,2021-05-07,nein,archivieren,WordPress-Backup gemäß AKG-70; kein öffentlicher Redirect vorgesehen,noah.zepner@akg-kiel.de (Projektleitung/Koordination),AKG-53: redaktionelle Sammelentscheidung,Ausnahme nur bei dokumentiertem redaktionellem Bedarf und geklärten Medienrechten; ohne Rückmeldung keine Migration,2026-10-02
3,Predigt,"Leben, wie ein Tanz in den Armen deiner Gnade – gelebte Spritualität",https://akg-kiel.de/predigten/leben-wie-ein-tanz-in-den-armen-deiner-gnade-gelebte-spritualitaet,WordPress REST + Sitemap,2020-02-23,2020-03-08,nein,archivieren,WordPress-Backup gemäß AKG-70; kein öffentlicher Redirect vorgesehen,noah.zepner@akg-kiel.de (Projektleitung/Koordination),AKG-53: redaktionelle Sammelentscheidung,Ausnahme nur bei dokumentiertem redaktionellem Bedarf und geklärten Medienrechten; ohne Rückmeldung keine Migration,2026-10-02
3,Predigt,Predigt zum Leitbild von Lars Reimann,https://akg-kiel.de/predigten/leitbild,WordPress REST + Sitemap,2021-10-27,2021-11-04,nein,archivieren,WordPress-Backup gemäß AKG-70; kein öffentlicher Redirect vorgesehen,noah.zepner@akg-kiel.de (Projektleitung/Koordination),AKG-53: redaktionelle Sammelentscheidung,Ausnahme nur bei dokumentiertem redaktionellem Bedarf und geklärten Medienrechten; ohne Rückmeldung keine Migration,2026-10-02
3,Predigt,Lohnt sich der Kampf?,https://akg-kiel.de/predigten/lohnt-sich-der-kampf,WordPress REST + Sitemap,2021-10-03,2021-10-03,nein,archivieren,WordPress-Backup gemäß AKG-70; kein öffentlicher Redirect vorgesehen,noah.zepner@akg-kiel.de (Projektleitung/Koordination),AKG-53: redaktionelle Sammelentscheidung,Ausnahme nur bei dokumentiertem redaktionellem Bedarf und geklärten Medienrechten; ohne Rückmeldung keine Migration,2026-10-02
3,Predigt,Maria – erschrocken und begnadet,https://akg-kiel.de/predigten/maria-erschrocken-und-begnadet,WordPress REST + Sitemap,2021-12-23,2021-12-23,nein,archivieren,WordPress-Backup gemäß AKG-70; kein öffentlicher Redirect vorgesehen,noah.zepner@akg-kiel.de (Projektleitung/Koordination),AKG-53: redaktionelle Sammelentscheidung,Ausnahme nur bei dokumentiertem redaktionellem Bedarf und geklärten Medienrechten; ohne Rückmeldung keine Migration,2026-10-02
3,Predigt,Mit Erwartung leben,https://akg-kiel.de/predigten/mit-erwartung-leben,WordPress REST + Sitemap,2022-12-04,2022-12-04,nein,archivieren,WordPress-Backup gemäß AKG-70; kein öffentlicher Redirect vorgesehen,noah.zepner@akg-kiel.de (Projektleitung/Koordination),AKG-53: redaktionelle Sammelentscheidung,Ausnahme nur bei dokumentiertem redaktionellem Bedarf und geklärten Medienrechten; ohne Rückmeldung keine Migration,2026-10-02
3,Predigt,miteinander … im Glauben wachsen,https://akg-kiel.de/predigten/miteinander-im-glauben-wachsen,WordPress REST + Sitemap,2022-05-09,2022-05-09,nein,archivieren,WordPress-Backup gemäß AKG-70; kein öffentlicher Redirect vorgesehen,noah.zepner@akg-kiel.de (Projektleitung/Koordination),AKG-53: redaktionelle Sammelentscheidung,Ausnahme nur bei dokumentiertem redaktionellem Bedarf und geklärten Medienrechten; ohne Rückmeldung keine Migration,2026-10-02
3,Predigt,"Miteinander Trauern – erinnern, hoffen, trösten",https://akg-kiel.de/predigten/miteinander-trauern-erinnern-hoffen-troesten,WordPress REST + Sitemap,2021-11-22,2021-11-22,nein,archivieren,WordPress-Backup gemäß AKG-70; kein öffentlicher Redirect vorgesehen,noah.zepner@akg-kiel.de (Projektleitung/Koordination),AKG-53: redaktionelle Sammelentscheidung,Ausnahme nur bei dokumentiertem redaktionellem Bedarf und geklärten Medienrechten; ohne Rückmeldung keine Migration,2026-10-02
3,Predigt,Miteinander unterwegs in der Trauer,https://akg-kiel.de/predigten/miteinander-unterwegs-in-der-trauer,WordPress REST + Sitemap,2022-11-21,2022-11-21,nein,archivieren,WordPress-Backup gemäß AKG-70; kein öffentlicher Redirect vorgesehen,noah.zepner@akg-kiel.de (Projektleitung/Koordination),AKG-53: redaktionelle Sammelentscheidung,Ausnahme nur bei dokumentiertem redaktionellem Bedarf und geklärten Medienrechten; ohne Rückmeldung keine Migration,2026-10-02
3,Predigt,Nahe am Feuer leben,https://akg-kiel.de/predigten/nahe-am-feuer-leben,WordPress REST + Sitemap,2022-12-04,2022-12-04,nein,archivieren,WordPress-Backup gemäß AKG-70; kein öffentlicher Redirect vorgesehen,noah.zepner@akg-kiel.de (Projektleitung/Koordination),AKG-53: redaktionelle Sammelentscheidung,Ausnahme nur bei dokumentiertem redaktionellem Bedarf und geklärten Medienrechten; ohne Rückmeldung keine Migration,2026-10-02
3,Predigt,Nutze die Zeit und verschwende sie nicht!,https://akg-kiel.de/predigten/nutze-die-zeit-und-verschwende-sie-nicht,WordPress REST + Sitemap,2022-10-22,2022-10-22,nein,archivieren,WordPress-Backup gemäß AKG-70; kein öffentlicher Redirect vorgesehen,noah.zepner@akg-kiel.de (Projektleitung/Koordination),AKG-53: redaktionelle Sammelentscheidung,Ausnahme nur bei dokumentiertem redaktionellem Bedarf und geklärten Medienrechten; ohne Rückmeldung keine Migration,2026-10-02
3,Predigt,Ökologie des menschlichen Herzens,https://akg-kiel.de/predigten/oekologie-des-menschlichen-herzens,WordPress REST + Sitemap,2020-02-04,2020-02-04,nein,archivieren,WordPress-Backup gemäß AKG-70; kein öffentlicher Redirect vorgesehen,noah.zepner@akg-kiel.de (Projektleitung/Koordination),AKG-53: redaktionelle Sammelentscheidung,Ausnahme nur bei dokumentiertem redaktionellem Bedarf und geklärten Medienrechten; ohne Rückmeldung keine Migration,2026-10-02
3,Predigt,Ein Mißverständnis,https://akg-kiel.de/predigten/ohne-titel,WordPress REST + Sitemap,2021-06-02,2021-06-02,nein,archivieren,WordPress-Backup gemäß AKG-70; kein öffentlicher Redirect vorgesehen,noah.zepner@akg-kiel.de (Projektleitung/Koordination),AKG-53: redaktionelle Sammelentscheidung,Ausnahme nur bei dokumentiertem redaktionellem Bedarf und geklärten Medienrechten; ohne Rückmeldung keine Migration,2026-10-02
3,Predigt,Ostersonntag – Auferstehung,https://akg-kiel.de/predigten/ostersonntag-auferstehung,WordPress REST + Sitemap,2020-04-12,2020-04-12,nein,archivieren,WordPress-Backup gemäß AKG-70; kein öffentlicher Redirect vorgesehen,noah.zepner@akg-kiel.de (Projektleitung/Koordination),AKG-53: redaktionelle Sammelentscheidung,Ausnahme nur bei dokumentiertem redaktionellem Bedarf und geklärten Medienrechten; ohne Rückmeldung keine Migration,2026-10-02
3,Predigt,Ostersonntag Familiengottesdienst: Sorgen scheinen in anderem Licht,https://akg-kiel.de/predigten/ostersonntag-familiengottesdienst-sorgen-scheinen-in-anderem-licht,WordPress REST + Sitemap,2022-04-18,2022-12-21,nein,archivieren,WordPress-Backup gemäß AKG-70; kein öffentlicher Redirect vorgesehen,noah.zepner@akg-kiel.de (Projektleitung/Koordination),AKG-53: redaktionelle Sammelentscheidung,Ausnahme nur bei dokumentiertem redaktionellem Bedarf und geklärten Medienrechten; ohne Rückmeldung keine Migration,2026-10-02
3,Predigt,Paradies und Nachhaltigkeit,https://akg-kiel.de/predigten/paradies-und-nachhaltigkeit,WordPress REST + Sitemap,2020-09-24,2020-09-24,nein,archivieren,WordPress-Backup gemäß AKG-70; kein öffentlicher Redirect vorgesehen,noah.zepner@akg-kiel.de (Projektleitung/Koordination),AKG-53: redaktionelle Sammelentscheidung,Ausnahme nur bei dokumentiertem redaktionellem Bedarf und geklärten Medienrechten; ohne Rückmeldung keine Migration,2026-10-02
3,Predigt,Das Wunder von Pfingsten,https://akg-kiel.de/predigten/pfingsten,WordPress REST + Sitemap,2021-06-02,2021-06-02,nein,archivieren,WordPress-Backup gemäß AKG-70; kein öffentlicher Redirect vorgesehen,noah.zepner@akg-kiel.de (Projektleitung/Koordination),AKG-53: redaktionelle Sammelentscheidung,Ausnahme nur bei dokumentiertem redaktionellem Bedarf und geklärten Medienrechten; ohne Rückmeldung keine Migration,2026-10-02
3,Predigt,"Predigt Jeremia 31,31-34",https://akg-kiel.de/predigten/predigt-jeremia-3131-34,WordPress REST + Sitemap,2020-05-24,2020-05-24,nein,archivieren,WordPress-Backup gemäß AKG-70; kein öffentlicher Redirect vorgesehen,noah.zepner@akg-kiel.de (Projektleitung/Koordination),AKG-53: redaktionelle Sammelentscheidung,Ausnahme nur bei dokumentiertem redaktionellem Bedarf und geklärten Medienrechten; ohne Rückmeldung keine Migration,2026-10-02
3,Predigt,Predigt vom 06.03.2022,https://akg-kiel.de/predigten/predigt-vom-06-03-2022,WordPress REST + Sitemap,2022-03-06,2022-03-06,nein,archivieren,WordPress-Backup gemäß AKG-70; kein öffentlicher Redirect vorgesehen,noah.zepner@akg-kiel.de (Projektleitung/Koordination),AKG-53: redaktionelle Sammelentscheidung,Ausnahme nur bei dokumentiertem redaktionellem Bedarf und geklärten Medienrechten; ohne Rückmeldung keine Migration,2026-10-02
3,Predigt,Predigt vom 10.04.2022,https://akg-kiel.de/predigten/predigt-vom-10-04-2022,WordPress REST + Sitemap,2022-04-10,2022-04-10,nein,archivieren,WordPress-Backup gemäß AKG-70; kein öffentlicher Redirect vorgesehen,noah.zepner@akg-kiel.de (Projektleitung/Koordination),AKG-53: redaktionelle Sammelentscheidung,Ausnahme nur bei dokumentiertem redaktionellem Bedarf und geklärten Medienrechten; ohne Rückmeldung keine Migration,2026-10-02
3,Predigt,Predigt vom 12.12.2021,https://akg-kiel.de/predigten/predigt-vom-12-12-2021,WordPress REST + Sitemap,2021-12-16,2021-12-16,nein,archivieren,WordPress-Backup gemäß AKG-70; kein öffentlicher Redirect vorgesehen,noah.zepner@akg-kiel.de (Projektleitung/Koordination),AKG-53: redaktionelle Sammelentscheidung,Ausnahme nur bei dokumentiertem redaktionellem Bedarf und geklärten Medienrechten; ohne Rückmeldung keine Migration,2026-10-02
3,Predigt,Predigt vom 13.02.2022,https://akg-kiel.de/predigten/predigt-vom-13-02-2022,WordPress REST + Sitemap,2022-02-20,2022-02-20,nein,archivieren,WordPress-Backup gemäß AKG-70; kein öffentlicher Redirect vorgesehen,noah.zepner@akg-kiel.de (Projektleitung/Koordination),AKG-53: redaktionelle Sammelentscheidung,Ausnahme nur bei dokumentiertem redaktionellem Bedarf und geklärten Medienrechten; ohne Rückmeldung keine Migration,2026-10-02
3,Predigt,Predigt vom 14.11.2021,https://akg-kiel.de/predigten/predigt-vom-14-11-2021,WordPress REST + Sitemap,2021-11-22,2021-11-22,nein,archivieren,WordPress-Backup gemäß AKG-70; kein öffentlicher Redirect vorgesehen,noah.zepner@akg-kiel.de (Projektleitung/Koordination),AKG-53: redaktionelle Sammelentscheidung,Ausnahme nur bei dokumentiertem redaktionellem Bedarf und geklärten Medienrechten; ohne Rückmeldung keine Migration,2026-10-02
3,Predigt,Predigt vom 18.09.2022,https://akg-kiel.de/predigten/predigt-vom-18-09-2022,WordPress REST + Sitemap,2022-09-30,2022-09-30,nein,archivieren,WordPress-Backup gemäß AKG-70; kein öffentlicher Redirect vorgesehen,noah.zepner@akg-kiel.de (Projektleitung/Koordination),AKG-53: redaktionelle Sammelentscheidung,Ausnahme nur bei dokumentiertem redaktionellem Bedarf und geklärten Medienrechten; ohne Rückmeldung keine Migration,2026-10-02
3,Predigt,Predigt vom 31.12.2022,https://akg-kiel.de/predigten/predigt-vom-31-12-2022,WordPress REST + Sitemap,2023-01-08,2023-01-08,nein,archivieren,WordPress-Backup gemäß AKG-70; kein öffentlicher Redirect vorgesehen,noah.zepner@akg-kiel.de (Projektleitung/Koordination),AKG-53: redaktionelle Sammelentscheidung,Ausnahme nur bei dokumentiertem redaktionellem Bedarf und geklärten Medienrechten; ohne Rückmeldung keine Migration,2026-10-02
3,Predigt,Predigt vom Juli 2018,https://akg-kiel.de/predigten/predigt-vom-juli-2018,WordPress REST + Sitemap,2020-08-21,2020-08-21,nein,archivieren,WordPress-Backup gemäß AKG-70; kein öffentlicher Redirect vorgesehen,noah.zepner@akg-kiel.de (Projektleitung/Koordination),AKG-53: redaktionelle Sammelentscheidung,Ausnahme nur bei dokumentiertem redaktionellem Bedarf und geklärten Medienrechten; ohne Rückmeldung keine Migration,2026-10-02
3,Predigt,Predigt zum Gründonnerstag,https://akg-kiel.de/predigten/predigt-zum-gruendonnerstag,WordPress REST + Sitemap,2021-04-02,2021-04-02,nein,archivieren,WordPress-Backup gemäß AKG-70; kein öffentlicher Redirect vorgesehen,noah.zepner@akg-kiel.de (Projektleitung/Koordination),AKG-53: redaktionelle Sammelentscheidung,Ausnahme nur bei dokumentiertem redaktionellem Bedarf und geklärten Medienrechten; ohne Rückmeldung keine Migration,2026-10-02
3,Predigt,Predigt zum Karfreitag,https://akg-kiel.de/predigten/predigt-zum-karfreitag,WordPress REST + Sitemap,2021-04-02,2021-04-02,nein,archivieren,WordPress-Backup gemäß AKG-70; kein öffentlicher Redirect vorgesehen,noah.zepner@akg-kiel.de (Projektleitung/Koordination),AKG-53: redaktionelle Sammelentscheidung,Ausnahme nur bei dokumentiertem redaktionellem Bedarf und geklärten Medienrechten; ohne Rückmeldung keine Migration,2026-10-02
3,Predigt,Predigt zum Leitbild von Lutz Damerow,https://akg-kiel.de/predigten/predigt-zum-leitbild-von-lutz-damerow-03-02-2019,WordPress REST + Sitemap,2019-02-05,2021-11-04,nein,archivieren,WordPress-Backup gemäß AKG-70; kein öffentlicher Redirect vorgesehen,noah.zepner@akg-kiel.de (Projektleitung/Koordination),AKG-53: redaktionelle Sammelentscheidung,Ausnahme nur bei dokumentiertem redaktionellem Bedarf und geklärten Medienrechten; ohne Rückmeldung keine Migration,2026-10-02
3,Predigt,Predigt zum Ostersonntag,https://akg-kiel.de/predigten/predigt-zum-ostersonntag,WordPress REST + Sitemap,2021-04-06,2021-04-06,nein,archivieren,WordPress-Backup gemäß AKG-70; kein öffentlicher Redirect vorgesehen,noah.zepner@akg-kiel.de (Projektleitung/Koordination),AKG-53: redaktionelle Sammelentscheidung,Ausnahme nur bei dokumentiertem redaktionellem Bedarf und geklärten Medienrechten; ohne Rückmeldung keine Migration,2026-10-02
3,Predigt,Predigt zum Palmsonntag,https://akg-kiel.de/predigten/predigt-zum-palmsonntag,WordPress REST + Sitemap,2021-03-29,2021-03-29,nein,archivieren,WordPress-Backup gemäß AKG-70; kein öffentlicher Redirect vorgesehen,noah.zepner@akg-kiel.de (Projektleitung/Koordination),AKG-53: redaktionelle Sammelentscheidung,Ausnahme nur bei dokumentiertem redaktionellem Bedarf und geklärten Medienrechten; ohne Rückmeldung keine Migration,2026-10-02
3,Predigt,Psalm 85,https://akg-kiel.de/predigten/psalm85,WordPress REST + Sitemap,2021-11-10,2021-11-10,nein,archivieren,WordPress-Backup gemäß AKG-70; kein öffentlicher Redirect vorgesehen,noah.zepner@akg-kiel.de (Projektleitung/Koordination),AKG-53: redaktionelle Sammelentscheidung,Ausnahme nur bei dokumentiertem redaktionellem Bedarf und geklärten Medienrechten; ohne Rückmeldung keine Migration,2026-10-02
3,Predigt,"Rahab, eine Frau die sich danach sehnt sicher zu ein",https://akg-kiel.de/predigten/rahab-eine-frau-die-sich-danach-sehnt-sicher-zu-ein,WordPress REST + Sitemap,2020-12-15,2021-02-03,nein,archivieren,WordPress-Backup gemäß AKG-70; kein öffentlicher Redirect vorgesehen,noah.zepner@akg-kiel.de (Projektleitung/Koordination),AKG-53: redaktionelle Sammelentscheidung,Ausnahme nur bei dokumentiertem redaktionellem Bedarf und geklärten Medienrechten; ohne Rückmeldung keine Migration,2026-10-02
3,Predigt,Frei aber im Kopf noch Sklave,https://akg-kiel.de/predigten/reifen-oder-rueckzug,WordPress REST + Sitemap,2020-03-08,2020-04-05,nein,archivieren,WordPress-Backup gemäß AKG-70; kein öffentlicher Redirect vorgesehen,noah.zepner@akg-kiel.de (Projektleitung/Koordination),AKG-53: redaktionelle Sammelentscheidung,Ausnahme nur bei dokumentiertem redaktionellem Bedarf und geklärten Medienrechten; ohne Rückmeldung keine Migration,2026-10-02
3,Predigt,Seine Wunder : Fest des Lebens,https://akg-kiel.de/predigten/seine-wunder-fest-des-lebens,WordPress REST + Sitemap,2021-02-09,2021-02-17,nein,archivieren,WordPress-Backup gemäß AKG-70; kein öffentlicher Redirect vorgesehen,noah.zepner@akg-kiel.de (Projektleitung/Koordination),AKG-53: redaktionelle Sammelentscheidung,Ausnahme nur bei dokumentiertem redaktionellem Bedarf und geklärten Medienrechten; ohne Rückmeldung keine Migration,2026-10-02
3,Predigt,Seine Wunder: mitten im Chaos,https://akg-kiel.de/predigten/seine-wunder-mitten-im-chaos,WordPress REST + Sitemap,2021-02-15,2021-02-17,nein,archivieren,WordPress-Backup gemäß AKG-70; kein öffentlicher Redirect vorgesehen,noah.zepner@akg-kiel.de (Projektleitung/Koordination),AKG-53: redaktionelle Sammelentscheidung,Ausnahme nur bei dokumentiertem redaktionellem Bedarf und geklärten Medienrechten; ohne Rückmeldung keine Migration,2026-10-02
3,Predigt,Spaziergang am Samstag,https://akg-kiel.de/predigten/spaziergang-am-samstag,WordPress REST + Sitemap,2020-10-26,2020-10-26,nein,archivieren,WordPress-Backup gemäß AKG-70; kein öffentlicher Redirect vorgesehen,noah.zepner@akg-kiel.de (Projektleitung/Koordination),AKG-53: redaktionelle Sammelentscheidung,Ausnahme nur bei dokumentiertem redaktionellem Bedarf und geklärten Medienrechten; ohne Rückmeldung keine Migration,2026-10-02
3,Predigt,Standpunkt beziehen,https://akg-kiel.de/predigten/standpunkt-beziehen,WordPress REST + Sitemap,2020-07-28,2020-07-28,nein,archivieren,WordPress-Backup gemäß AKG-70; kein öffentlicher Redirect vorgesehen,noah.zepner@akg-kiel.de (Projektleitung/Koordination),AKG-53: redaktionelle Sammelentscheidung,Ausnahme nur bei dokumentiertem redaktionellem Bedarf und geklärten Medienrechten; ohne Rückmeldung keine Migration,2026-10-02
3,Predigt,Start ins Jahresthema „Miteinander“,https://akg-kiel.de/predigten/start-ins-jahresthema-miteinander,WordPress REST + Sitemap,2021-08-28,2021-08-28,nein,archivieren,WordPress-Backup gemäß AKG-70; kein öffentlicher Redirect vorgesehen,noah.zepner@akg-kiel.de (Projektleitung/Koordination),AKG-53: redaktionelle Sammelentscheidung,Ausnahme nur bei dokumentiertem redaktionellem Bedarf und geklärten Medienrechten; ohne Rückmeldung keine Migration,2026-10-02
3,Predigt,Tamar – auf der Suche nach Gerechtigkeit,https://akg-kiel.de/predigten/tamar-auf-der-suche-nach-gerechtigkeit,WordPress REST + Sitemap,2020-11-30,2021-01-03,nein,archivieren,WordPress-Backup gemäß AKG-70; kein öffentlicher Redirect vorgesehen,noah.zepner@akg-kiel.de (Projektleitung/Koordination),AKG-53: redaktionelle Sammelentscheidung,Ausnahme nur bei dokumentiertem redaktionellem Bedarf und geklärten Medienrechten; ohne Rückmeldung keine Migration,2026-10-02
3,Predigt,Über Klagen und Beziehungskrisen,https://akg-kiel.de/predigten/ueber-klagen-und-beziehungskrisen,WordPress REST + Sitemap,2021-09-20,2021-09-20,nein,archivieren,WordPress-Backup gemäß AKG-70; kein öffentlicher Redirect vorgesehen,noah.zepner@akg-kiel.de (Projektleitung/Koordination),AKG-53: redaktionelle Sammelentscheidung,Ausnahme nur bei dokumentiertem redaktionellem Bedarf und geklärten Medienrechten; ohne Rückmeldung keine Migration,2026-10-02
3,Predigt,Und – Los!,https://akg-kiel.de/predigten/und-los,WordPress REST + Sitemap,2021-07-10,2021-07-11,nein,archivieren,WordPress-Backup gemäß AKG-70; kein öffentlicher Redirect vorgesehen,noah.zepner@akg-kiel.de (Projektleitung/Koordination),AKG-53: redaktionelle Sammelentscheidung,Ausnahme nur bei dokumentiertem redaktionellem Bedarf und geklärten Medienrechten; ohne Rückmeldung keine Migration,2026-10-02
3,Predigt,Unerwarteter Glaube,https://akg-kiel.de/predigten/unerwarteter-glaube,WordPress REST + Sitemap,2022-01-29,2022-01-29,nein,archivieren,WordPress-Backup gemäß AKG-70; kein öffentlicher Redirect vorgesehen,noah.zepner@akg-kiel.de (Projektleitung/Koordination),AKG-53: redaktionelle Sammelentscheidung,Ausnahme nur bei dokumentiertem redaktionellem Bedarf und geklärten Medienrechten; ohne Rückmeldung keine Migration,2026-10-02
3,Predigt,Verblendet,https://akg-kiel.de/predigten/verblendet,WordPress REST + Sitemap,2022-09-09,2022-10-08,nein,archivieren,WordPress-Backup gemäß AKG-70; kein öffentlicher Redirect vorgesehen,noah.zepner@akg-kiel.de (Projektleitung/Koordination),AKG-53: redaktionelle Sammelentscheidung,Ausnahme nur bei dokumentiertem redaktionellem Bedarf und geklärten Medienrechten; ohne Rückmeldung keine Migration,2026-10-02
3,Predigt,"Vergeben, leichter gesagt als getan",https://akg-kiel.de/predigten/vergeben-leichter-gesagt-als-getan,WordPress REST + Sitemap,2020-07-07,2020-07-07,nein,archivieren,WordPress-Backup gemäß AKG-70; kein öffentlicher Redirect vorgesehen,noah.zepner@akg-kiel.de (Projektleitung/Koordination),AKG-53: redaktionelle Sammelentscheidung,Ausnahme nur bei dokumentiertem redaktionellem Bedarf und geklärten Medienrechten; ohne Rückmeldung keine Migration,2026-10-02
3,Predigt,Vergebung,https://akg-kiel.de/predigten/vergebung,WordPress REST + Sitemap,2023-07-23,2023-07-23,nein,archivieren,WordPress-Backup gemäß AKG-70; kein öffentlicher Redirect vorgesehen,noah.zepner@akg-kiel.de (Projektleitung/Koordination),AKG-53: redaktionelle Sammelentscheidung,Ausnahme nur bei dokumentiertem redaktionellem Bedarf und geklärten Medienrechten; ohne Rückmeldung keine Migration,2026-10-02
3,Predigt,Vertrauen,https://akg-kiel.de/predigten/vertrauen,WordPress REST + Sitemap,2021-09-18,2021-09-18,nein,archivieren,WordPress-Backup gemäß AKG-70; kein öffentlicher Redirect vorgesehen,noah.zepner@akg-kiel.de (Projektleitung/Koordination),AKG-53: redaktionelle Sammelentscheidung,Ausnahme nur bei dokumentiertem redaktionellem Bedarf und geklärten Medienrechten; ohne Rückmeldung keine Migration,2026-10-02
3,Predigt,Viel mehr als ein Wunder ! Eine kranke Frau berührt Jesus,https://akg-kiel.de/predigten/viel-mehr-als-ein-wunder-eine-kranke-frau-beruehrt-jesus,WordPress REST + Sitemap,2021-03-02,2021-03-06,nein,archivieren,WordPress-Backup gemäß AKG-70; kein öffentlicher Redirect vorgesehen,noah.zepner@akg-kiel.de (Projektleitung/Koordination),AKG-53: redaktionelle Sammelentscheidung,Ausnahme nur bei dokumentiertem redaktionellem Bedarf und geklärten Medienrechten; ohne Rückmeldung keine Migration,2026-10-02
3,Predigt,Von Helden und Superkräften,https://akg-kiel.de/predigten/von-helden-und-superkraeften,WordPress REST + Sitemap,2022-05-29,2022-05-29,nein,archivieren,WordPress-Backup gemäß AKG-70; kein öffentlicher Redirect vorgesehen,noah.zepner@akg-kiel.de (Projektleitung/Koordination),AKG-53: redaktionelle Sammelentscheidung,Ausnahme nur bei dokumentiertem redaktionellem Bedarf und geklärten Medienrechten; ohne Rückmeldung keine Migration,2026-10-02
3,Predigt,Was für ein Fund!!!,https://akg-kiel.de/predigten/was-fuer-ein-fund,WordPress REST + Sitemap,2022-02-06,2022-02-06,nein,archivieren,WordPress-Backup gemäß AKG-70; kein öffentlicher Redirect vorgesehen,noah.zepner@akg-kiel.de (Projektleitung/Koordination),AKG-53: redaktionelle Sammelentscheidung,Ausnahme nur bei dokumentiertem redaktionellem Bedarf und geklärten Medienrechten; ohne Rückmeldung keine Migration,2026-10-02
3,Predigt,Was heisst hier weise?,https://akg-kiel.de/predigten/was-heisst-hier-weise,WordPress REST + Sitemap,2021-07-05,2021-07-05,nein,archivieren,WordPress-Backup gemäß AKG-70; kein öffentlicher Redirect vorgesehen,noah.zepner@akg-kiel.de (Projektleitung/Koordination),AKG-53: redaktionelle Sammelentscheidung,Ausnahme nur bei dokumentiertem redaktionellem Bedarf und geklärten Medienrechten; ohne Rückmeldung keine Migration,2026-10-02
3,Predigt,Was ist deine Geschichte?,https://akg-kiel.de/predigten/was-ist-deine-geschichte,WordPress REST + Sitemap,2023-04-26,2023-04-26,nein,archivieren,WordPress-Backup gemäß AKG-70; kein öffentlicher Redirect vorgesehen,noah.zepner@akg-kiel.de (Projektleitung/Koordination),AKG-53: redaktionelle Sammelentscheidung,Ausnahme nur bei dokumentiertem redaktionellem Bedarf und geklärten Medienrechten; ohne Rückmeldung keine Migration,2026-10-02
3,Predigt,Wer bin ich?,https://akg-kiel.de/predigten/wer-bin-ich,WordPress REST + Sitemap,2022-01-22,2022-01-22,nein,archivieren,WordPress-Backup gemäß AKG-70; kein öffentlicher Redirect vorgesehen,noah.zepner@akg-kiel.de (Projektleitung/Koordination),AKG-53: redaktionelle Sammelentscheidung,Ausnahme nur bei dokumentiertem redaktionellem Bedarf und geklärten Medienrechten; ohne Rückmeldung keine Migration,2026-10-02
3,Predigt,Wer bin ich?,https://akg-kiel.de/predigten/wer-bin-ich-2,WordPress REST + Sitemap,2022-07-27,2022-07-27,nein,archivieren,WordPress-Backup gemäß AKG-70; kein öffentlicher Redirect vorgesehen,noah.zepner@akg-kiel.de (Projektleitung/Koordination),AKG-53: redaktionelle Sammelentscheidung,Ausnahme nur bei dokumentiertem redaktionellem Bedarf und geklärten Medienrechten; ohne Rückmeldung keine Migration,2026-10-02
3,Predigt,Wer ist mein Nächster?,https://akg-kiel.de/predigten/wer-ist-mein-naechster,WordPress REST + Sitemap,2022-09-18,2022-09-18,nein,archivieren,WordPress-Backup gemäß AKG-70; kein öffentlicher Redirect vorgesehen,noah.zepner@akg-kiel.de (Projektleitung/Koordination),AKG-53: redaktionelle Sammelentscheidung,Ausnahme nur bei dokumentiertem redaktionellem Bedarf und geklärten Medienrechten; ohne Rückmeldung keine Migration,2026-10-02
3,Predigt,Wie geht Musik und Danken angesichts einer zerbrochenen Welt??,https://akg-kiel.de/predigten/wie-geht-musik-und-danken-angesichts-einer-zerbrochenen-welt,WordPress REST + Sitemap,2022-04-23,2022-04-24,nein,archivieren,WordPress-Backup gemäß AKG-70; kein öffentlicher Redirect vorgesehen,noah.zepner@akg-kiel.de (Projektleitung/Koordination),AKG-53: redaktionelle Sammelentscheidung,Ausnahme nur bei dokumentiertem redaktionellem Bedarf und geklärten Medienrechten; ohne Rückmeldung keine Migration,2026-10-02
3,Predigt,Wie wir glauben lernen,https://akg-kiel.de/predigten/wie-wir-glauben-lernen,WordPress REST + Sitemap,2022-02-22,2022-02-22,nein,archivieren,WordPress-Backup gemäß AKG-70; kein öffentlicher Redirect vorgesehen,noah.zepner@akg-kiel.de (Projektleitung/Koordination),AKG-53: redaktionelle Sammelentscheidung,Ausnahme nur bei dokumentiertem redaktionellem Bedarf und geklärten Medienrechten; ohne Rückmeldung keine Migration,2026-10-02
3,Predigt,Wie wird Gemeinde nach Corona sein?,https://akg-kiel.de/predigten/wie-wird-gemeinde-nach-corona-sein,WordPress REST + Sitemap,2021-08-08,2021-08-08,nein,archivieren,WordPress-Backup gemäß AKG-70; kein öffentlicher Redirect vorgesehen,noah.zepner@akg-kiel.de (Projektleitung/Koordination),AKG-53: redaktionelle Sammelentscheidung,Ausnahme nur bei dokumentiertem redaktionellem Bedarf und geklärten Medienrechten; ohne Rückmeldung keine Migration,2026-10-02
3,Predigt,Wir sind Gottes Mitarbeiter,https://akg-kiel.de/predigten/wird-nachgereichrt,WordPress REST + Sitemap,2020-09-08,2020-09-08,nein,archivieren,WordPress-Backup gemäß AKG-70; kein öffentlicher Redirect vorgesehen,noah.zepner@akg-kiel.de (Projektleitung/Koordination),AKG-53: redaktionelle Sammelentscheidung,Ausnahme nur bei dokumentiertem redaktionellem Bedarf und geklärten Medienrechten; ohne Rückmeldung keine Migration,2026-10-02
3,Predigt,Wo finden wir Orientierung?,https://akg-kiel.de/predigten/wo-finden-wir-orientierung,WordPress REST + Sitemap,2022-08-22,2022-08-22,nein,archivieren,WordPress-Backup gemäß AKG-70; kein öffentlicher Redirect vorgesehen,noah.zepner@akg-kiel.de (Projektleitung/Koordination),AKG-53: redaktionelle Sammelentscheidung,Ausnahme nur bei dokumentiertem redaktionellem Bedarf und geklärten Medienrechten; ohne Rückmeldung keine Migration,2026-10-02
3,Predigt,Wo gehöre ich hin ?,https://akg-kiel.de/predigten/wo-gehoere-ich-hin,WordPress REST + Sitemap,2020-01-19,2020-01-19,nein,archivieren,WordPress-Backup gemäß AKG-70; kein öffentlicher Redirect vorgesehen,noah.zepner@akg-kiel.de (Projektleitung/Koordination),AKG-53: redaktionelle Sammelentscheidung,Ausnahme nur bei dokumentiertem redaktionellem Bedarf und geklärten Medienrechten; ohne Rückmeldung keine Migration,2026-10-02
3,Predigt,Worüber wir nicht so gerne sprechen!,https://akg-kiel.de/predigten/worueber-wir-nicht-so-gerne-sprechen,WordPress REST + Sitemap,2022-03-17,2022-03-17,nein,archivieren,WordPress-Backup gemäß AKG-70; kein öffentlicher Redirect vorgesehen,noah.zepner@akg-kiel.de (Projektleitung/Koordination),AKG-53: redaktionelle Sammelentscheidung,Ausnahme nur bei dokumentiertem redaktionellem Bedarf und geklärten Medienrechten; ohne Rückmeldung keine Migration,2026-10-02
3,Predigt,Wurzeln,https://akg-kiel.de/predigten/wurzeln,WordPress REST + Sitemap,2020-01-12,2020-01-12,nein,archivieren,WordPress-Backup gemäß AKG-70; kein öffentlicher Redirect vorgesehen,noah.zepner@akg-kiel.de (Projektleitung/Koordination),AKG-53: redaktionelle Sammelentscheidung,Ausnahme nur bei dokumentiertem redaktionellem Bedarf und geklärten Medienrechten; ohne Rückmeldung keine Migration,2026-10-02
3,Predigt,Zachäus,https://akg-kiel.de/predigten/zachaeus,WordPress REST + Sitemap,2022-10-31,2022-10-31,nein,archivieren,WordPress-Backup gemäß AKG-70; kein öffentlicher Redirect vorgesehen,noah.zepner@akg-kiel.de (Projektleitung/Koordination),AKG-53: redaktionelle Sammelentscheidung,Ausnahme nur bei dokumentiertem redaktionellem Bedarf und geklärten Medienrechten; ohne Rückmeldung keine Migration,2026-10-02
3,Predigt,Zum Buß- u. Bettag,https://akg-kiel.de/predigten/zum-buss-u-bettag,WordPress REST + Sitemap,2020-11-23,2020-11-23,nein,archivieren,WordPress-Backup gemäß AKG-70; kein öffentlicher Redirect vorgesehen,noah.zepner@akg-kiel.de (Projektleitung/Koordination),AKG-53: redaktionelle Sammelentscheidung,Ausnahme nur bei dokumentiertem redaktionellem Bedarf und geklärten Medienrechten; ohne Rückmeldung keine Migration,2026-10-02
3,Predigt,Zum Flath Altar (1),https://akg-kiel.de/predigten/zum-flath-altar-1,WordPress REST + Sitemap,2020-02-01,2020-02-11,nein,archivieren,WordPress-Backup gemäß AKG-70; kein öffentlicher Redirect vorgesehen,noah.zepner@akg-kiel.de (Projektleitung/Koordination),AKG-53: redaktionelle Sammelentscheidung,Ausnahme nur bei dokumentiertem redaktionellem Bedarf und geklärten Medienrechten; ohne Rückmeldung keine Migration,2026-10-02
3,Predigt,Zum Flath Altar (2),https://akg-kiel.de/predigten/zum-flath-altar-2,WordPress REST + Sitemap,2020-02-01,2020-02-11,nein,archivieren,WordPress-Backup gemäß AKG-70; kein öffentlicher Redirect vorgesehen,noah.zepner@akg-kiel.de (Projektleitung/Koordination),AKG-53: redaktionelle Sammelentscheidung,Ausnahme nur bei dokumentiertem redaktionellem Bedarf und geklärten Medienrechten; ohne Rückmeldung keine Migration,2026-10-02
3,Predigt,Zum Flath Altar (3),https://akg-kiel.de/predigten/zum-flath-altar-3,WordPress REST + Sitemap,2020-02-01,2020-02-11,nein,archivieren,WordPress-Backup gemäß AKG-70; kein öffentlicher Redirect vorgesehen,noah.zepner@akg-kiel.de (Projektleitung/Koordination),AKG-53: redaktionelle Sammelentscheidung,Ausnahme nur bei dokumentiertem redaktionellem Bedarf und geklärten Medienrechten; ohne Rückmeldung keine Migration,2026-10-02
3,Predigt,Zum Flath Altar (5),https://akg-kiel.de/predigten/zum-flath-altar-4,WordPress REST + Sitemap,2020-02-01,2020-02-11,nein,archivieren,WordPress-Backup gemäß AKG-70; kein öffentlicher Redirect vorgesehen,noah.zepner@akg-kiel.de (Projektleitung/Koordination),AKG-53: redaktionelle Sammelentscheidung,Ausnahme nur bei dokumentiertem redaktionellem Bedarf und geklärten Medienrechten; ohne Rückmeldung keine Migration,2026-10-02
3,Predigt,Zum Flath Altar (4) [durch techn. Probleme nicht so klare Aufzeichnung],https://akg-kiel.de/predigten/zum-flath-altar-5-durch-techn-probleme-nicht-so-klare-aufzeichnung,WordPress REST + Sitemap,2020-02-03,2020-02-11,nein,archivieren,WordPress-Backup gemäß AKG-70; kein öffentlicher Redirect vorgesehen,noah.zepner@akg-kiel.de (Projektleitung/Koordination),AKG-53: redaktionelle Sammelentscheidung,Ausnahme nur bei dokumentiertem redaktionellem Bedarf und geklärten Medienrechten; ohne Rückmeldung keine Migration,2026-10-02
3,Predigt,Zum Flath Altar (6),https://akg-kiel.de/predigten/zum-flath-altar-6,WordPress REST + Sitemap,2020-02-03,2020-02-11,nein,archivieren,WordPress-Backup gemäß AKG-70; kein öffentlicher Redirect vorgesehen,noah.zepner@akg-kiel.de (Projektleitung/Koordination),AKG-53: redaktionelle Sammelentscheidung,Ausnahme nur bei dokumentiertem redaktionellem Bedarf und geklärten Medienrechten; ohne Rückmeldung keine Migration,2026-10-02
3,Predigtreihe,Abschlußgottesdienst Allianzgebetswoche,https://akg-kiel.de/series/abschlussgottesdienst-allianzgebetswoche,WordPress REST + Sitemap,,,nein,entfallen lassen,Kein Nachfolger; 410/404 statt inhaltlich falschem Redirect,noah.zepner@akg-kiel.de (Projektleitung/Koordination),AKG-53: keine gesonderte Freigabe,Keine,
3,Predigtreihe,Beten - ermutigt und Verwurzelt,https://akg-kiel.de/series/beten-ermutigt-und-verwurzelt,WordPress REST + Sitemap,,,nein,entfallen lassen,Kein Nachfolger; 410/404 statt inhaltlich falschem Redirect,noah.zepner@akg-kiel.de (Projektleitung/Koordination),AKG-53: keine gesonderte Freigabe,Keine,
3,Predigtreihe,Die ICH-BIN-WORTE,https://akg-kiel.de/series/die-ich-bin-worte,WordPress REST + Sitemap,,,nein,entfallen lassen,Kein Nachfolger; 410/404 statt inhaltlich falschem Redirect,noah.zepner@akg-kiel.de (Projektleitung/Koordination),AKG-53: keine gesonderte Freigabe,Keine,
3,Predigtreihe,Flath Altar in der Petruskirche,https://akg-kiel.de/series/flath-altar-in-der-petruskirche,WordPress REST + Sitemap,,,nein,entfallen lassen,Kein Nachfolger; 410/404 statt inhaltlich falschem Redirect,noah.zepner@akg-kiel.de (Projektleitung/Koordination),AKG-53: keine gesonderte Freigabe,Keine,
3,Predigtreihe,Gleichnisse Jesu,https://akg-kiel.de/series/gleichnisse-jesu,WordPress REST + Sitemap,,,nein,entfallen lassen,Kein Nachfolger; 410/404 statt inhaltlich falschem Redirect,noah.zepner@akg-kiel.de (Projektleitung/Koordination),AKG-53: keine gesonderte Freigabe,Keine,
3,Predigtreihe,Glocken der Petruskirche,https://akg-kiel.de/series/glocken-der-petruskirche,WordPress REST + Sitemap,,,nein,entfallen lassen,Kein Nachfolger; 410/404 statt inhaltlich falschem Redirect,noah.zepner@akg-kiel.de (Projektleitung/Koordination),AKG-53: keine gesonderte Freigabe,Keine,
3,Predigtreihe,Jesus,https://akg-kiel.de/series/jesus,WordPress REST + Sitemap,,,nein,entfallen lassen,Kein Nachfolger; 410/404 statt inhaltlich falschem Redirect,noah.zepner@akg-kiel.de (Projektleitung/Koordination),AKG-53: keine gesonderte Freigabe,Keine,
3,Predigtreihe,Jesus und seine Wunder,https://akg-kiel.de/series/jesus-und-seine-wunder,WordPress REST + Sitemap,,,nein,entfallen lassen,Kein Nachfolger; 410/404 statt inhaltlich falschem Redirect,noah.zepner@akg-kiel.de (Projektleitung/Koordination),AKG-53: keine gesonderte Freigabe,Keine,
3,Predigtreihe,Jona,https://akg-kiel.de/series/jona,WordPress REST (nicht im Sitemap-Cache),,,nein,entfallen lassen,Kein Nachfolger; 410/404 statt inhaltlich falschem Redirect,noah.zepner@akg-kiel.de (Projektleitung/Koordination),AKG-53: keine gesonderte Freigabe,Keine,
3,Predigtreihe,keine Serie,https://akg-kiel.de/series/keine-serie,WordPress REST (nicht im Sitemap-Cache),,,nein,entfallen lassen,Kein Nachfolger; 410/404 statt inhaltlich falschem Redirect,noah.zepner@akg-kiel.de (Projektleitung/Koordination),AKG-53: keine gesonderte Freigabe,Keine,
3,Predigtreihe,Leitbild,https://akg-kiel.de/series/leitbild,WordPress REST + Sitemap,,,nein,entfallen lassen,Kein Nachfolger; 410/404 statt inhaltlich falschem Redirect,noah.zepner@akg-kiel.de (Projektleitung/Koordination),AKG-53: keine gesonderte Freigabe,Keine,
3,Predigtreihe,Mütter Jesu,https://akg-kiel.de/series/muetter-jesu,WordPress REST + Sitemap,,,nein,entfallen lassen,Kein Nachfolger; 410/404 statt inhaltlich falschem Redirect,noah.zepner@akg-kiel.de (Projektleitung/Koordination),AKG-53: keine gesonderte Freigabe,Keine,
3,Predigtreihe,Ostern 2020,https://akg-kiel.de/series/ostern-2020,WordPress REST + Sitemap,,,nein,entfallen lassen,Kein Nachfolger; 410/404 statt inhaltlich falschem Redirect,noah.zepner@akg-kiel.de (Projektleitung/Koordination),AKG-53: keine gesonderte Freigabe,Keine,
3,Predigtreihe,Perspektive - Ewigkeit und Hoffnung,https://akg-kiel.de/series/perspektive-ewigkeit-und-hoffnung,WordPress REST + Sitemap,,,nein,entfallen lassen,Kein Nachfolger; 410/404 statt inhaltlich falschem Redirect,noah.zepner@akg-kiel.de (Projektleitung/Koordination),AKG-53: keine gesonderte Freigabe,Keine,
3,Predigtreihe,Prophet Jona,https://akg-kiel.de/series/prophet-jona,WordPress REST + Sitemap,,,nein,entfallen lassen,Kein Nachfolger; 410/404 statt inhaltlich falschem Redirect,noah.zepner@akg-kiel.de (Projektleitung/Koordination),AKG-53: keine gesonderte Freigabe,Keine,
3,Predigtreihe,Wüstenzeit,https://akg-kiel.de/series/wuestenzeit,WordPress REST + Sitemap,,,nein,entfallen lassen,Kein Nachfolger; 410/404 statt inhaltlich falschem Redirect,noah.zepner@akg-kiel.de (Projektleitung/Koordination),AKG-53: keine gesonderte Freigabe,Keine,
3,Schlagwort,Brief,https://akg-kiel.de/tag/brief,WordPress REST + Sitemap,,,nein,entfallen lassen,Kein Nachfolger; 410/404 statt inhaltlich falschem Redirect,noah.zepner@akg-kiel.de (Projektleitung/Koordination),AKG-58/66: Redirect-Sammelfreigabe,Keine,
3,Schlagwort,Food,https://akg-kiel.de/tag/food,WordPress REST (nicht im Sitemap-Cache),,,nein,entfallen lassen,Kein Nachfolger; 410/404 statt inhaltlich falschem Redirect,noah.zepner@akg-kiel.de (Projektleitung/Koordination),AKG-58/66: Redirect-Sammelfreigabe,Keine,
3,Schlagwort,Freundschaft,https://akg-kiel.de/tag/freundschaft,WordPress REST + Sitemap,,,nein,entfallen lassen,/gemeinde/tansaniaprojekt,noah.zepner@akg-kiel.de (Projektleitung/Koordination),AKG-58/66: Redirect-Sammelfreigabe,Keine,
3,Schlagwort,Games,https://akg-kiel.de/tag/games,WordPress REST (nicht im Sitemap-Cache),,,nein,entfallen lassen,Kein Nachfolger; 410/404 statt inhaltlich falschem Redirect,noah.zepner@akg-kiel.de (Projektleitung/Koordination),AKG-58/66: Redirect-Sammelfreigabe,Keine,
3,Schlagwort,Karfreitag,https://akg-kiel.de/tag/karfreitag,WordPress REST + Sitemap,,,nein,entfallen lassen,/gottesdienste,noah.zepner@akg-kiel.de (Projektleitung/Koordination),AKG-58/66: Redirect-Sammelfreigabe,Keine,
3,Schlagwort,Kweka,https://akg-kiel.de/tag/kweka,WordPress REST + Sitemap,,,nein,entfallen lassen,/gemeinde/tansaniaprojekt,noah.zepner@akg-kiel.de (Projektleitung/Koordination),AKG-58/66: Redirect-Sammelfreigabe,Keine,
3,Schlagwort,offene kirche,https://akg-kiel.de/tag/offene-kirche,WordPress REST (nicht im Sitemap-Cache),,,nein,entfallen lassen,Kein Nachfolger; 410/404 statt inhaltlich falschem Redirect,noah.zepner@akg-kiel.de (Projektleitung/Koordination),AKG-58/66: Redirect-Sammelfreigabe,Keine,
3,Schlagwort,Ostern,https://akg-kiel.de/tag/ostern,WordPress REST + Sitemap,,,nein,entfallen lassen,/gottesdienste,noah.zepner@akg-kiel.de (Projektleitung/Koordination),AKG-58/66: Redirect-Sammelfreigabe,Keine,
3,Schlagwort,Outdoors,https://akg-kiel.de/tag/outdoors,WordPress REST (nicht im Sitemap-Cache),,,nein,entfallen lassen,Kein Nachfolger; 410/404 statt inhaltlich falschem Redirect,noah.zepner@akg-kiel.de (Projektleitung/Koordination),AKG-58/66: Redirect-Sammelfreigabe,Keine,
3,Schlagwort,Partnerschaft,https://akg-kiel.de/tag/partnerschaft,WordPress REST + Sitemap,,,nein,entfallen lassen,/gemeinde/tansaniaprojekt,noah.zepner@akg-kiel.de (Projektleitung/Koordination),AKG-58/66: Redirect-Sammelfreigabe,Keine,
3,Schlagwort,Tansania,https://akg-kiel.de/tag/tansania,WordPress REST + Sitemap,,,nein,entfallen lassen,/gemeinde/tansaniaprojekt,noah.zepner@akg-kiel.de (Projektleitung/Koordination),AKG-58/66: Redirect-Sammelfreigabe,Keine,
3,Schlagwort,Ziege,https://akg-kiel.de/tag/ziege,WordPress REST + Sitemap,,,nein,entfallen lassen,/gemeinde/tansaniaprojekt,noah.zepner@akg-kiel.de (Projektleitung/Koordination),AKG-58/66: Redirect-Sammelfreigabe,Keine,
3,Schlagwort,Ziegen,https://akg-kiel.de/tag/ziegen,WordPress REST + Sitemap,,,nein,entfallen lassen,/gemeinde/tansaniaprojekt,noah.zepner@akg-kiel.de (Projektleitung/Koordination),AKG-58/66: Redirect-Sammelfreigabe,Keine,
3,Seite,Ansagen,https://akg-kiel.de/ansagen,WordPress REST + Sitemap,2019-08-06,2019-08-22,nein,archivieren,WordPress-Backup gemäß AKG-70; kein öffentlicher Redirect vorgesehen,noah.zepner@akg-kiel.de (Projektleitung/Koordination),AKG-53: redaktionelle Sammelentscheidung,Ausnahmebedarf begründen; ohne Rückmeldung bleibt die Seite archiviert,2026-10-02
3,Seite,Archiv,https://akg-kiel.de/archiv,WordPress REST + Sitemap,2020-03-31,2020-04-02,nein,entfallen lassen,Kein Nachfolger; 410/404 statt inhaltlich falschem Redirect,noah.zepner@akg-kiel.de (Projektleitung/Koordination),AKG-53: keine gesonderte Freigabe,Keine,
3,Seite,Banner,https://akg-kiel.de/banner,WordPress REST + Sitemap,2020-04-06,2020-04-19,nein,entfallen lassen,Kein Nachfolger; 410/404 statt inhaltlich falschem Redirect,noah.zepner@akg-kiel.de (Projektleitung/Koordination),AKG-53: keine gesonderte Freigabe,Keine,
3,Seite,Disclaimer Gottesdienstanmeldung,https://akg-kiel.de/disclaimer-gottesdienstanmeldung,WordPress REST + Sitemap,2020-05-09,2020-05-09,nein,entfallen lassen,Kein Nachfolger; 410/404 statt inhaltlich falschem Redirect,noah.zepner@akg-kiel.de (Projektleitung/Koordination),AKG-53: redaktionelle Sammelentscheidung,"Bestätigen, dass kein aktiver Anmeldeprozess darauf verweist",2026-10-02
3,Seite,Heiligabend2023,https://akg-kiel.de/heiligabend2023,WordPress REST + Sitemap,2022-12-21,2024-01-26,nein,archivieren,WordPress-Backup gemäß AKG-70; kein öffentlicher Redirect vorgesehen,noah.zepner@akg-kiel.de (Projektleitung/Koordination),AKG-53: redaktionelle Sammelentscheidung,Ausnahmebedarf begründen; ohne Rückmeldung bleibt die Kampagne archiviert,2026-10-02
3,Seite,Jazzica Frauen-A-Cappella Festival 2022,https://akg-kiel.de/jazzica-frauen-a-cappella-festival-2022,WordPress REST + Sitemap,2022-03-30,2022-03-30,nein,extern verlinken,https://konzerte-petruskirche.de/programm/archiv,noah.zepner@akg-kiel.de (Projektleitung/Koordination),Website Konzerte + AKG-69,Einzelziel nur bei vorhandenem Archivdatensatz; sonst Archivübersicht,2027-02-19
3,Seite,"Kirche für die Wik: Was willst du, dass ich für dich tun soll?",https://akg-kiel.de/kirche-fuer-die-wik-was-willst-du-dass-ich-fuer-dich-tun-soll,WordPress REST + Sitemap,2022-08-18,2022-08-18,nein,archivieren,WordPress-Backup gemäß AKG-70; kein öffentlicher Redirect vorgesehen,noah.zepner@akg-kiel.de (Projektleitung/Koordination),AKG-53: redaktionelle Sammelentscheidung,Ausnahmebedarf begründen; ohne Rückmeldung bleibt die Kampagne archiviert,2026-10-02
3,Seite,Krippe2021,https://akg-kiel.de/krippe2021,WordPress REST + Sitemap,2021-12-20,2021-12-23,nein,archivieren,WordPress-Backup gemäß AKG-70; kein öffentlicher Redirect vorgesehen,noah.zepner@akg-kiel.de (Projektleitung/Koordination),AKG-53: redaktionelle Sammelentscheidung,Ausnahmebedarf begründen; ohne Rückmeldung bleibt die Kampagne archiviert,2026-10-02
3,Seite,lebendiger Advent,https://akg-kiel.de/lebendiger-advent,WordPress REST + Sitemap,2023-11-06,2024-10-15,nein,archivieren,WordPress-Backup gemäß AKG-70; kein öffentlicher Redirect vorgesehen,noah.zepner@akg-kiel.de (Projektleitung/Koordination),AKG-53: redaktionelle Sammelentscheidung,Ausnahmebedarf begründen; ohne Rückmeldung bleibt die Kampagne archiviert,2026-10-02
3,Seite,Online-Kindergottesdienst,https://akg-kiel.de/live-stream/kigo,WordPress REST + Sitemap,2020-03-28,2020-12-09,nein,archivieren,WordPress-Backup gemäß AKG-70; kein öffentlicher Redirect vorgesehen,noah.zepner@akg-kiel.de (Projektleitung/Koordination),AKG-53: redaktionelle Sammelentscheidung,Ausnahmebedarf begründen; ohne Rückmeldung bleibt die Seite archiviert,2026-10-02
3,Seite,Tests,https://akg-kiel.de/live-stream/tests,WordPress REST + Sitemap,2020-04-16,2023-02-11,nein,entfallen lassen,Kein Nachfolger; 410/404 statt inhaltlich falschem Redirect,noah.zepner@akg-kiel.de (Projektleitung/Koordination),AKG-53: keine gesonderte Freigabe,Keine,
3,Seite,livestream2,https://akg-kiel.de/livestream2,WordPress REST + Sitemap,2021-04-28,2021-05-14,nein,entfallen lassen,https://www.youtube.com/channel/UCXlzBLKlUkgAXdd-gPjKZRw,noah.zepner@akg-kiel.de (Projektleitung/Koordination),AKG-58/69: Linkziel,"Bestätigen, dass keine eigene Landingpage benötigt wird",2026-10-02
3,Seite,Ostern2021,https://akg-kiel.de/ostern2021,WordPress REST + Sitemap,2021-03-17,2021-04-04,nein,archivieren,WordPress-Backup gemäß AKG-70; kein öffentlicher Redirect vorgesehen,noah.zepner@akg-kiel.de (Projektleitung/Koordination),AKG-53: redaktionelle Sammelentscheidung,Ausnahmebedarf begründen; ohne Rückmeldung bleibt die Kampagne archiviert,2026-10-02
3,Seite,SabineundFlorianHeiraten,https://akg-kiel.de/sabineundflorianheiraten,WordPress REST + Sitemap,2021-05-11,2021-06-24,nein,archivieren,WordPress-Backup gemäß AKG-70; kein öffentlicher Redirect vorgesehen,noah.zepner@akg-kiel.de (Projektleitung/Koordination),AKG-53: redaktionelle Sammelentscheidung,Keine Veröffentlichung personenbezogener Kampagneninhalte ohne neuen Bedarf,2026-10-02
3,Seite,Weihnachten,https://akg-kiel.de/weihnachten,WordPress REST + Sitemap,2020-12-16,2023-12-20,nein,archivieren,WordPress-Backup gemäß AKG-70; kein öffentlicher Redirect vorgesehen,noah.zepner@akg-kiel.de (Projektleitung/Koordination),AKG-53: redaktionelle Sammelentscheidung,Ausnahmebedarf begründen; ohne Rückmeldung bleibt die Kampagne archiviert,2026-10-02
3,Systemseite,MailPoet CAPTCHA,https://akg-kiel.de/?mailpoet_page=captcha,Sitemap,,,nein,entfallen lassen,Kein Nachfolger; 410/404 statt inhaltlich falschem Redirect,noah.zepner@akg-kiel.de (Projektleitung/Koordination),AKG-55/58/66: System- und Redirect-Sammelfreigabe,Keine,
3,Systemseite,MailPoet Abonnement,https://akg-kiel.de/?mailpoet_page=subscriptions,Sitemap,,,nein,entfallen lassen,/newsletter,noah.zepner@akg-kiel.de (Projektleitung/Koordination),AKG-55/58/66: System- und Redirect-Sammelfreigabe,Keine,
